ID,Facial Index,Mandibular Index,Intercantal Index,Orbital Width Index,Eye Fissure Index,Vermilion Height Index,Mouth Face Width Index,AGE
1,0.80607,0.336661,0.390837,0.828399,0.521382,0.5990300000000001,0.34635,2
1,0.8528190000000001,0.442643,0.38698,0.774311,0.46100399999999997,0.659254,0.393676,5
1,0.877282,0.404491,0.442716,0.6757569999999999,0.358158,0.30682,0.384508,8
1,0.8838309999999999,0.395061,0.41545600000000005,0.69811,0.419721,0.409635,0.361281,10
1,0.8922329999999999,0.408905,0.42145200000000005,0.6908380000000001,0.41492399999999996,0.511849,0.428505,14
1,0.944314,0.40713499999999997,0.408512,0.743147,0.440906,0.6663680000000001,0.396383,16
1,0.938624,0.45437700000000003,0.402658,0.758165,0.44233100000000003,0.901291,0.48356400000000005,18
1,1.0248629999999999,0.554703,0.45237799999999995,0.47442399999999996,0.469262,0.855291,0.362965,19
1,0.9785360000000001,0.47395600000000004,0.431465,0.6044350000000001,0.408842,0.749188,0.40739200000000003,22
1,1.0197120000000002,0.48771099999999995,0.462661,0.578721,0.349971,0.43699,0.439276,28
1,0.977563,0.476858,0.4271,0.693041,0.303561,0.465,0.443644,29
1,0.952442,0.45823400000000003,0.463275,0.47643,0.23512399999999997,0.539832,0.44015699999999996,33
1,0.927301,0.446748,0.46309399999999995,0.5027020000000001,0.44455500000000003,0.653047,0.381162,40
1,0.980016,0.45909099999999997,0.40615300000000004,0.735643,0.48860699999999996,0.477175,0.374847,43
1,0.9689780000000001,0.435101,0.395241,0.761547,0.369913,0.699349,0.369762,43
2,0.8730469999999999,0.446877,0.351636,0.898683,0.435988,0.6446069999999999,0.425555,3
2,0.8507299999999999,0.418179,0.406519,0.740567,0.48626899999999995,0.48068599999999995,0.33329899999999996,4
2,0.9199350000000001,0.43218500000000004,0.416371,0.728685,0.452271,0.630312,0.333931,5
2,0.8583129999999999,0.424638,0.39574299999999996,0.8016439999999999,0.355504,0.651763,0.426537,7
2,0.919442,0.413343,0.407124,0.721857,0.48623299999999997,0.41378100000000007,0.397564,12
2,0.8809469999999999,0.39758000000000004,0.361623,0.834511,0.45507600000000004,0.49885100000000004,0.391611,15
2,0.90205,0.42556000000000005,0.460081,0.608867,0.397852,0.395183,0.44126499999999996,16
2,0.874684,0.398821,0.384377,0.852764,0.43946199999999996,0.372235,0.379467,18
2,0.9076549999999999,0.41507,0.451007,0.6327550000000001,0.546349,0.42607,0.388164,20
2,0.94134,0.457632,0.393629,0.8239620000000001,0.445435,0.564032,0.44121000000000005,21
2,0.913933,0.442251,0.42273900000000003,0.637067,0.402208,0.54185,0.45599300000000004,23
2,0.896575,0.454212,0.500838,0.5173409999999999,0.310215,0.703497,0.47121499999999994,26
2,0.9596680000000001,0.520388,0.337413,1.125996,0.436125,0.549666,0.408018,29
2,0.901021,0.41937399999999997,0.471656,0.59733,0.51502,0.481875,0.459164,31
2,0.985332,0.501428,0.320166,1.2074790000000002,0.464513,0.614269,0.383345,36
2,0.930314,0.400742,0.33674,0.813843,0.550098,0.681009,0.403606,38
3,0.922549,0.458118,0.37892,0.876554,0.379602,0.392096,0.355953,18
3,0.8875549999999999,0.44699300000000003,0.392426,0.797928,0.44684700000000005,0.32511100000000004,0.350235,20
3,0.952868,0.506845,0.378646,0.8591059999999999,0.339844,0.424796,0.38795100000000005,23
3,0.9224479999999999,0.448154,0.382508,0.809029,0.389417,0.446833,0.380419,25
3,0.953471,0.502242,0.398282,0.776965,0.322287,0.551006,0.361668,35
3,0.9254290000000001,0.487308,0.46529499999999996,0.629153,0.329531,0.716638,0.371001,38
3,0.970245,0.517054,0.376335,0.932883,0.24084,0.733068,0.375488,47
3,0.9255399999999999,0.40226799999999996,0.417282,0.714292,0.351829,0.6081810000000001,0.36787600000000004,49
3,0.9637870000000001,0.465688,0.39334,0.8260139999999999,0.40515300000000004,0.604182,0.365533,51
3,0.9715469999999999,0.43973,0.408629,0.729176,0.492638,0.6477539999999999,0.41977700000000007,58
3,0.931125,0.448694,0.42563,0.691731,0.497418,0.992459,0.362527,60
3,0.8876350000000001,0.45854799999999996,0.45391400000000004,0.6574800000000001,0.34527199999999997,0.48067200000000004,0.381445,61
4,0.8743209999999999,0.45015900000000003,0.459179,0.692705,0.41307200000000005,0.765116,0.39650100000000005,19
4,0.8593219999999999,0.414912,0.41301899999999997,0.721159,0.366504,0.6559619999999999,0.41248999999999997,21
4,0.848986,0.412871,0.397419,0.763912,0.42890600000000006,0.593511,0.37509000000000003,26
4,0.831973,0.401082,0.457639,0.61416,0.48283100000000007,0.604843,0.358211,28
4,0.8516020000000001,0.403624,0.372483,0.778678,0.436229,0.8176439999999999,0.395956,30
4,0.8309270000000001,0.41625500000000004,0.450049,0.5854229999999999,0.543212,0.642648,0.383171,37
4,0.885977,0.43780600000000003,0.44725600000000004,0.691074,0.37790999999999997,0.191796,0.34558099999999997,40
4,0.855237,0.42213500000000004,0.445179,0.6386850000000001,0.45492,0.402977,0.37950700000000004,48
4,0.903364,0.433746,0.42698100000000005,0.640306,0.471871,0.5013380000000001,0.367052,51
4,0.8681040000000001,0.43640200000000007,0.35974,0.977816,0.273465,0.526238,0.367035,53
4,0.906219,0.41535200000000005,0.423716,0.694575,0.409227,0.679322,0.405388,62
4,0.8882030000000001,0.466002,0.42108900000000005,0.6911510000000001,0.404038,0.46413999999999994,0.386413,63
5,0.8494709999999999,0.416533,0.41350299999999995,0.705704,0.47717200000000004,0.403644,0.410654,18
5,0.80653,0.337283,0.375682,0.771487,0.418088,0.417771,0.397802,24
5,0.857808,0.393531,0.395887,0.742524,0.371992,0.409929,0.39877199999999996,30
5,0.892905,0.406936,0.38247,0.760487,0.44826800000000006,0.39629699999999995,0.447809,31
5,0.863174,0.395262,0.38442600000000005,0.7336739999999999,0.39617199999999997,0.17893399999999998,0.433539,35
5,0.8567819999999999,0.393559,0.35444200000000003,0.828384,0.399776,0.62305,0.454221,40
5,0.8857950000000001,0.45878599999999997,0.422911,0.621369,0.46850299999999995,0.502346,0.428908,45
5,0.907977,0.37721,0.363078,0.862,0.426097,0.339777,0.380458,48
5,0.879754,0.497042,0.383608,0.9015540000000001,0.399831,0.546519,0.385207,49
5,0.91107,0.44001999999999997,0.385876,0.737263,0.482926,0.650806,0.42851300000000003,52
5,0.8452290000000001,0.422757,0.45207299999999995,0.574362,0.304526,0.33658299999999997,0.46914700000000004,61
6,0.888403,0.431123,0.44467799999999996,0.6048560000000001,0.38424,0.418096,0.400929,24
6,0.8298,0.40386500000000003,0.40552,0.744643,0.257337,0.192839,0.38352800000000004,28
6,0.883517,0.435123,0.42126800000000003,0.659045,0.40665,0.41369799999999995,0.417516,31
6,0.913427,0.45769399999999993,0.460477,0.5784239999999999,0.40177199999999996,0.398993,0.40677800000000003,36
6,0.931581,0.44445200000000007,0.45009399999999994,0.570396,0.446167,0.584468,0.395137,40
6,0.856664,0.421596,0.42463500000000004,0.6915479999999999,0.393285,0.269339,0.407008,42
6,0.8882760000000001,0.413533,0.411814,0.726683,0.36989299999999997,0.41117200000000004,0.405303,46
6,0.8475469999999999,0.422834,0.441213,0.65883,0.384521,0.594527,0.426472,51
6,0.9251659999999999,0.47856499999999996,0.474592,0.563771,0.482376,0.500021,0.406237,55
6,0.8534200000000001,0.37861100000000003,0.464963,0.5770069999999999,0.355926,0.7101970000000001,0.395486,61
6,0.903699,0.40481999999999996,0.425972,0.642845,0.378316,0.493487,0.339134,67
6,0.943254,0.44905200000000006,0.478263,0.570381,0.29567,0.459009,0.42105200000000004,69
7,0.756987,0.387386,0.37949299999999997,0.789978,0.530755,0.655889,0.285681,1
7,0.90297,0.429544,0.416951,0.6106550000000001,0.34819,0.48247799999999996,0.34184699999999996,18
7,0.8654200000000001,0.412364,0.405432,0.745116,0.39957800000000004,0.421149,0.312583,22
7,0.851909,0.41125200000000006,0.412095,0.704911,0.38540399999999997,0.640323,0.374245,23
7,0.820355,0.357705,0.426389,0.7075130000000001,0.50002,0.7147399999999999,0.36659899999999995,26
7,0.8458049999999999,0.430216,0.403661,0.769706,0.41160699999999995,0.387198,0.382497,37
7,0.8385729999999999,0.42377299999999996,0.42623900000000003,0.669089,0.36428499999999997,0.358498,0.350033,38
7,0.8525790000000001,0.440105,0.44015200000000004,0.7192270000000001,0.312214,0.47358199999999995,0.349619,39
7,0.808593,0.338808,0.42255,0.680828,0.525358,0.631325,0.36394499999999996,45
8,0.741004,0.410361,0.38403200000000004,0.852108,0.433641,0.617811,0.405696,3
8,0.804373,0.41557,0.375313,0.810587,0.480542,0.33766199999999996,0.427692,6
8,0.841304,0.383283,0.416362,0.721155,0.48865,0.5878899999999999,0.34494,8
8,0.8654360000000001,0.406538,0.423242,0.685344,0.408325,0.554137,0.310821,12
8,0.939257,0.435746,0.40567600000000004,0.708666,0.5650229999999999,0.68255,0.363721,13
8,0.8551059999999999,0.40203099999999997,0.41285,0.714271,0.405344,0.592594,0.383963,16
8,0.8439979999999999,0.401862,0.445266,0.646875,0.43148100000000006,0.49834399999999995,0.331627,17
8,0.8446239999999999,0.447263,0.408783,0.803339,0.5103840000000001,0.47678100000000007,0.35182199999999997,18
8,0.820643,0.4223,0.442406,0.6938850000000001,0.415889,0.468458,0.436857,21
8,0.839123,0.473513,0.382806,0.923126,0.41154399999999997,0.744039,0.340924,29
8,0.8469389999999999,0.475034,0.379184,0.938635,0.46360100000000004,0.28124099999999996,0.37129,30
8,0.862922,0.42443000000000003,0.36956,0.798396,0.367089,0.598993,0.339365,31
8,0.849261,0.41364799999999996,0.424889,0.723873,0.298174,0.49388000000000004,0.379177,33
8,0.8463350000000001,0.42546999999999996,0.434767,0.683533,0.425933,0.42847799999999997,0.42538000000000004,35
8,0.8443350000000001,0.42182299999999995,0.435891,0.627062,0.40738800000000003,0.37461,0.363765,41
9,0.668037,0.280837,0.459107,0.563071,0.296014,0.655071,0.365523,0
9,0.692236,0.250718,0.397472,0.728525,0.482443,0.415512,0.276023,1
9,0.765617,0.320969,0.41159799999999996,0.6836369999999999,0.467193,0.48453500000000005,0.32366100000000003,3
9,0.754023,0.36912,0.41118599999999994,0.721333,0.379475,0.559312,0.369266,5
9,0.7846069999999999,0.304473,0.418584,0.685279,0.35723499999999997,0.5536369999999999,0.453342,9
9,0.852577,0.405945,0.419022,0.714874,0.253037,0.8050109999999999,0.343159,11
9,0.783812,0.35717600000000005,0.403922,0.805764,0.336856,0.447643,0.468527,13
9,0.769662,0.376785,0.43818199999999996,0.7162649999999999,0.303139,0.533032,0.47768900000000003,14
9,0.7960119999999999,0.379038,0.453876,0.562829,0.417538,0.551728,0.33971399999999996,16
9,0.823741,0.400461,0.4154,0.727284,0.35003,0.689087,0.366998,16
9,0.8387700000000001,0.38719499999999996,0.42460299999999995,0.655651,0.275343,0.333642,0.429858,18
9,0.8695219999999999,0.377757,0.36082600000000004,0.898265,0.327049,0.642592,0.43476400000000004,22
9,0.8529370000000001,0.35690500000000003,0.41822600000000004,0.681623,0.310621,0.5663560000000001,0.41117600000000004,22
10,0.739002,0.352644,0.441097,0.646574,0.412937,0.589431,0.26316,1
10,0.788611,0.368569,0.387838,0.754371,0.33634400000000003,0.585286,0.43566800000000006,4
10,0.794854,0.379554,0.370393,0.8503219999999999,0.37351599999999996,0.667289,0.442643,5
10,0.733749,0.32600999999999997,0.398423,0.735334,0.415254,0.37957399999999997,0.42263599999999996,6
10,0.8304219999999999,0.41567299999999996,0.327923,1.1225180000000001,0.355022,0.56584,0.374578,7
10,0.7984979999999999,0.408977,0.43196899999999994,0.679372,0.5904729999999999,0.515193,0.394662,7
10,0.8282139999999999,0.463088,0.342679,0.8957299999999999,0.46404399999999996,0.42342700000000005,0.316807,9
10,0.718461,0.34433600000000003,0.393341,0.7512449999999999,0.294202,0.234292,0.45096899999999995,10
10,0.744929,0.345556,0.410496,0.630104,0.388492,0.688149,0.409275,12
10,0.837669,0.430709,0.408326,0.7604029999999999,0.29277,0.693652,0.5231,15
10,0.845549,0.440697,0.41221800000000003,0.6690010000000001,0.475163,0.389113,0.4885,16
10,0.821111,0.362296,0.431608,0.674479,0.37984,0.720644,0.452755,18
11,0.6986979999999999,0.29696500000000003,0.39329899999999995,0.754022,0.39855999999999997,0.48904,0.271715,2
11,0.82181,0.34474,0.40089400000000003,0.75343,0.46617700000000006,0.635475,0.285553,5
11,0.8697229999999999,0.346814,0.38163800000000003,0.850541,0.501092,0.501506,0.275579,7
11,0.915069,0.424597,0.433886,0.651008,0.544355,0.6118,0.279211,11
11,0.879626,0.43166400000000005,0.39361399999999996,0.7507689999999999,0.43703500000000006,0.7531140000000001,0.32017399999999996,13
11,0.919213,0.43878900000000004,0.437217,0.668884,0.34965100000000005,0.297585,0.361921,14
11,0.9654950000000001,0.5092840000000001,0.332757,1.087934,0.40786999999999995,0.740835,0.43320699999999995,15
11,0.9231370000000001,0.427868,0.47407200000000005,0.5518350000000001,0.470052,0.378792,0.384621,17
11,0.9233110000000001,0.463528,0.42462799999999995,0.6523899999999999,0.40718899999999997,0.561662,0.334787,20
11,0.959304,0.524748,0.331899,1.107157,0.378879,0.410483,0.313598,27
11,0.9616709999999999,0.444521,0.38616,0.736278,0.510045,0.473404,0.320495,30
11,1.01683,0.5218689999999999,0.421659,0.746754,0.44225200000000003,0.400492,0.357854,34
11,0.9881530000000001,0.46068400000000004,0.42307700000000004,0.6860729999999999,0.458541,0.361322,0.36859899999999995,40
11,1.019644,0.54693,0.476871,0.630058,0.46092,0.7001,0.32272199999999995,42
12,0.9271659999999999,0.44667399999999996,0.38374899999999995,0.823263,0.32868800000000004,0.668207,0.34454,4
12,0.8765129999999999,0.426888,0.422626,0.6669390000000001,0.396014,0.43142700000000006,0.42732700000000007,7
12,0.890234,0.479022,0.42648400000000003,0.710588,0.43607399999999996,0.53792,0.454183,12
12,0.866654,0.398109,0.40066599999999997,0.726154,0.333352,0.62516,0.354079,14
12,0.9175559999999999,0.433471,0.42257100000000003,0.701854,0.389968,0.500405,0.36485300000000004,18
12,0.974593,0.43931499999999996,0.395518,0.794834,0.376423,0.443089,0.418968,21
12,0.9952709999999999,0.52694,0.33034,0.946591,0.46857600000000005,0.51351,0.37596599999999997,23
12,0.929175,0.42302,0.328683,0.8985049999999999,0.484677,0.827651,0.38407199999999997,24
12,0.9388690000000001,0.46303,0.352221,0.9095709999999999,0.39599,0.542502,0.345586,25
12,1.008959,0.472537,0.460005,0.5751189999999999,0.34152899999999997,0.798271,0.378143,26
12,1.0158479999999999,0.43766700000000003,0.409926,0.695608,0.509278,0.9655440000000001,0.369946,27
12,0.857192,0.355207,0.416441,0.705086,0.42081499999999994,0.214927,0.371186,30
12,0.931258,0.40558299999999997,0.421432,0.703521,0.331316,0.585246,0.391504,32
12,0.8378129999999999,0.31864000000000003,0.423789,0.686599,0.42531599999999997,0.45754300000000003,0.386929,34
12,0.923692,0.36083699999999996,0.466422,0.5718810000000001,0.455111,0.5737270000000001,0.382915,36
13,0.731196,0.329615,0.48602399999999996,0.531213,0.399371,0.6048560000000001,0.28281999999999996,0
13,0.812062,0.40294800000000003,0.408056,0.728113,0.480417,0.746764,0.35770100000000005,8
13,0.8215110000000001,0.412045,0.420333,0.675582,0.41133500000000006,0.6259600000000001,0.326768,16
13,0.817805,0.412394,0.41225500000000004,0.719126,0.401964,0.49307399999999996,0.389653,18
13,0.8203969999999999,0.385833,0.419652,0.6911229999999999,0.33652600000000005,0.486759,0.372616,19
13,0.82239,0.43923500000000004,0.438522,0.630141,0.43121000000000004,0.586263,0.32676900000000003,21
13,0.8531030000000001,0.380322,0.436037,0.631577,0.481163,0.515109,0.352774,23
13,0.8176329999999999,0.398987,0.512095,0.532602,0.412983,0.42272,0.38269200000000003,25
13,0.937494,0.446611,0.388409,0.809951,0.414603,0.394333,0.390254,30
13,0.9468700000000001,0.409254,0.370764,0.835075,0.40623200000000004,1.466613,0.361137,34
13,0.807409,0.362767,0.43590200000000007,0.658018,0.357815,0.9026190000000001,0.385283,41
13,0.9540209999999999,0.498037,0.401325,0.788313,0.322956,1.022783,0.365177,44
14,0.7277100000000001,0.32011300000000004,0.440503,0.627398,0.46908,0.631817,0.343961,3
14,0.855325,0.367773,0.380015,0.840192,0.58902,0.757093,0.393974,12
14,0.831285,0.354752,0.47074799999999994,0.634156,0.326384,0.542532,0.404211,14
14,0.8397700000000001,0.404158,0.38756799999999997,0.777756,0.48889099999999996,0.356746,0.345763,16
14,0.85939,0.387594,0.402841,0.7717649999999999,0.42968900000000004,0.6070939999999999,0.364359,18
14,0.8499680000000001,0.392214,0.36649699999999996,0.8678110000000001,0.47368699999999997,0.485176,0.35449,22
14,0.9050870000000001,0.479836,0.343457,0.899432,0.446722,0.7058409999999999,0.41972,30
14,0.867657,0.411555,0.41312600000000005,0.81296,0.354378,0.696142,0.381126,36
14,0.862503,0.43700900000000004,0.435594,0.654473,0.475876,0.8673360000000001,0.427059,40
14,0.8834930000000001,0.438745,0.386619,0.7938,0.460343,0.474275,0.369686,42
15,0.7853829999999999,0.368568,0.42338000000000003,0.708482,0.5290739999999999,0.709543,0.276072,0
15,0.76825,0.32241,0.399985,0.765554,0.47857799999999995,0.400748,0.246587,1
15,0.831809,0.390583,0.470627,0.585408,0.564913,0.5141479999999999,0.27005,3
15,0.863189,0.394766,0.423221,0.644968,0.37901799999999997,0.49929300000000004,0.30637600000000004,4
15,0.905546,0.419662,0.45271000000000006,0.612317,0.43703000000000003,0.65662,0.430432,5
15,0.9140889999999999,0.443787,0.43704799999999994,0.663203,0.359513,0.762517,0.399857,7
15,0.977807,0.508591,0.402034,0.710754,0.48881,0.6830350000000001,0.41377200000000003,9
15,0.7772359999999999,0.333136,0.40955,0.70328,0.42497700000000005,0.655233,0.354934,10
15,0.880339,0.39963000000000004,0.378117,0.844474,0.383038,0.686864,0.33114699999999997,12
15,0.913085,0.421964,0.444341,0.6058439999999999,0.360951,0.548067,0.334109,14
15,0.8887729999999999,0.426868,0.400729,0.762473,0.304322,0.570659,0.370658,15
15,0.895164,0.461333,0.391177,0.783435,0.358763,0.448301,0.375318,17
15,0.884288,0.426796,0.415425,0.693277,0.41504300000000005,0.44946499999999995,0.370213,19
16,0.782249,0.33812600000000004,0.41561499999999996,0.726383,0.527729,0.525623,0.310775,1
16,0.788341,0.364629,0.381125,0.7880020000000001,0.346829,0.397895,0.409829,3
16,0.7749020000000001,0.344075,0.403561,0.709699,0.436896,0.945189,0.363083,4
16,0.9238350000000001,0.41066199999999997,0.404089,0.7167399999999999,0.517253,0.588949,0.321486,5
16,0.944261,0.438356,0.342134,0.9660860000000001,0.507426,0.63042,0.376425,7
16,0.942908,0.450316,0.387255,0.772566,0.427913,0.584129,0.375691,8
16,0.9268770000000001,0.435813,0.338214,0.947369,0.294336,0.570943,0.418721,10
16,0.906164,0.4639,0.40999399999999997,0.7239140000000001,0.412012,0.378726,0.364263,12
16,1.020623,0.5138699999999999,0.389029,0.8842530000000001,0.45486000000000004,0.5378890000000001,0.353219,14
16,0.947393,0.476542,0.369095,0.9140940000000001,0.392005,0.897967,0.354614,16
16,0.9596950000000001,0.479753,0.471314,0.592859,0.334845,0.41396000000000005,0.394794,17
16,0.9522780000000001,0.519877,0.42321499999999995,0.6912550000000001,0.425976,0.410437,0.388897,18
16,0.926009,0.426964,0.399453,0.78166,0.472125,0.696773,0.368368,19
17,0.8311299999999999,0.402405,0.41827299999999995,0.6924859999999999,0.338875,0.6203489999999999,0.355621,5
17,0.79063,0.358572,0.381409,0.8222719999999999,0.458095,0.490066,0.338378,7
17,0.89684,0.389856,0.44232299999999997,0.638206,0.41349600000000003,0.548139,0.365473,12
17,0.888418,0.5079739999999999,0.451574,0.547361,0.43865600000000005,0.516684,0.349486,15
17,0.88187,0.49216099999999996,0.431504,0.648649,0.332999,0.693736,0.33281900000000003,17
17,0.8720209999999999,0.418749,0.44123199999999996,0.679984,0.31806799999999996,0.686472,0.306587,19
17,0.9423440000000001,0.482883,0.42160699999999995,0.6329819999999999,0.39468400000000003,0.500109,0.323231,22
17,0.9569059999999999,0.502016,0.407852,0.644465,0.45894399999999996,0.68797,0.336665,26
17,0.8671409999999999,0.410415,0.42106800000000005,0.676194,0.43904,0.749179,0.351546,29
17,0.8886209999999999,0.454387,0.391081,0.764893,0.382332,0.663716,0.334339,32
17,0.891754,0.43127600000000005,0.400028,0.7124060000000001,0.414757,0.907459,0.338687,36
17,0.8944129999999999,0.435808,0.396662,0.7178100000000001,0.335856,0.8366959999999999,0.289479,38
17,0.863599,0.41477200000000003,0.41485500000000003,0.719362,0.34815300000000005,0.636533,0.329361,42
18,0.8563120000000001,0.391621,0.393467,0.7811279999999999,0.306504,0.396606,0.39350799999999997,6
18,1.011227,0.46905600000000003,0.356107,0.873863,0.397294,0.6097279999999999,0.57392,11
18,0.91743,0.45256,0.37005,0.802417,0.492084,0.387434,0.381546,16
18,0.8934549999999999,0.407873,0.39471999999999996,0.806485,0.44807600000000003,0.649953,0.374779,18
18,0.8772719999999999,0.408314,0.379904,0.867218,0.491137,0.622123,0.444633,22
18,0.889763,0.419162,0.404951,0.700554,0.49883500000000003,0.5842689999999999,0.373494,25
18,0.922917,0.44050500000000004,0.399807,0.7575529999999999,0.39461199999999996,0.6659970000000001,0.38416300000000003,28
18,0.935058,0.40855199999999997,0.403035,0.721713,0.380886,0.6373409999999999,0.323113,29
18,0.894698,0.46103599999999995,0.383313,0.914808,0.298838,0.9800200000000001,0.493241,33
18,0.8957700000000001,0.458074,0.390527,0.7084550000000001,0.423021,0.761029,0.404781,34
18,0.946419,0.450241,0.392466,0.896967,0.363281,0.6484770000000001,0.48440900000000003,36
19,0.755775,0.346602,0.454366,0.644818,0.36539699999999997,0.43801899999999994,0.258666,0
19,0.732006,0.364935,0.43735100000000005,0.649921,0.388812,0.771386,0.264798,3
19,0.857577,0.43018100000000004,0.460977,0.584749,0.414049,0.547834,0.36956500000000003,5
19,0.843441,0.4026,0.46007200000000004,0.586869,0.388236,0.361514,0.317258,7
19,0.8469760000000001,0.39172399999999996,0.454663,0.603122,0.381316,0.470282,0.336336,12
19,0.8461040000000001,0.39665300000000003,0.47211899999999996,0.594591,0.485533,0.364108,0.329198,15
19,0.857282,0.44829600000000003,0.449611,0.629594,0.443112,0.366176,0.36793400000000004,18
19,0.8682790000000001,0.43203400000000003,0.416702,0.715341,0.422494,0.25861999999999996,0.351561,23
19,0.808441,0.381983,0.41374799999999995,0.783838,0.398934,0.282017,0.33834899999999996,27
19,0.784949,0.384395,0.382017,0.780745,0.32503000000000004,0.676128,0.329336,30
20,0.771787,0.365563,0.540134,0.434783,0.434436,0.8728,0.25453400000000004,2
20,0.771089,0.340982,0.42227200000000004,0.687217,0.478289,0.47563199999999994,0.31297600000000003,4
20,0.7962899999999999,0.29194899999999996,0.478704,0.5751189999999999,0.559955,0.673858,0.325937,8
20,0.8667299999999999,0.45147600000000004,0.43257700000000004,0.639744,0.619355,0.628308,0.446891,11
20,0.8877729999999999,0.45633999999999997,0.43358599999999997,0.618362,0.363331,0.5533680000000001,0.49922700000000003,13
20,0.8472,0.427796,0.41711400000000004,0.691404,0.371739,0.5445180000000001,0.381417,16
20,0.8712469999999999,0.471405,0.387277,0.7318819999999999,0.307554,0.756731,0.42688000000000004,18
20,0.845258,0.384368,0.40929899999999997,0.682349,0.389654,0.7019810000000001,0.381306,20
20,0.9064709999999999,0.447579,0.374835,0.8349790000000001,0.356495,0.776985,0.470344,22
20,0.901809,0.45601400000000003,0.424125,0.700399,0.356174,0.47001499999999996,0.407952,24
20,0.876283,0.42199899999999996,0.399429,0.740374,0.370796,0.747818,0.415103,26
20,0.911125,0.45998599999999995,0.359212,1.117984,0.41176199999999996,0.5120319999999999,0.334768,30
20,0.864226,0.420919,0.331205,1.035296,0.40980500000000003,0.7982899999999999,0.3587,36
21,0.82847,0.34297300000000003,0.51045,0.49967700000000004,0.419969,0.793077,0.27150799999999997,3
21,0.8758520000000001,0.394888,0.46846899999999997,0.5681579999999999,0.43505900000000003,1.116957,0.315091,5
21,0.860958,0.344376,0.458387,0.650718,0.453455,0.9164709999999999,0.31216900000000003,6
21,0.8931969999999999,0.392277,0.40134000000000003,0.7889,0.455743,0.6444350000000001,0.340598,11
21,0.9380290000000001,0.419738,0.402765,0.715843,0.48401099999999997,0.536,0.44292,16
21,0.9767530000000001,0.44506899999999994,0.35461,0.871965,0.5272140000000001,0.582417,0.401403,18
21,0.9583290000000001,0.485604,0.359218,0.862641,0.38639,0.589382,0.46490699999999996,20
21,1.019614,0.544081,0.416134,0.714911,0.36451,0.567262,0.48818599999999995,23
21,0.940994,0.45118,0.427861,0.632147,0.340485,0.45300100000000004,0.489163,27
21,0.9095770000000001,0.40300199999999997,0.38077300000000003,0.790829,0.418541,0.539798,0.483422,30
21,0.974836,0.44313400000000003,0.387393,0.809443,0.394366,0.653317,0.511671,35
21,1.019042,0.490109,0.40257800000000005,0.763835,0.43986800000000004,0.44850100000000004,0.43923500000000004,39
22,0.806791,0.41387399999999996,0.498571,0.554283,0.45940299999999995,0.855108,0.326887,0
22,0.951105,0.45414399999999994,0.464851,0.588178,0.515223,0.706095,0.38541,7
22,0.8854040000000001,0.418368,0.480584,0.518353,0.379327,0.53433,0.398669,11
22,0.898541,0.47497399999999995,0.46822700000000006,0.509972,0.377583,0.755009,0.405584,14
22,1.008836,0.5412779999999999,0.43696899999999994,0.6497229999999999,0.389666,0.683549,0.430407,16
22,0.9486379999999999,0.453567,0.431306,0.73444,0.345877,0.546185,0.414601,18
22,0.8428329999999999,0.402131,0.44994700000000004,0.649109,0.355159,0.8983639999999999,0.463208,20
22,0.893575,0.47935600000000006,0.443329,0.6521710000000001,0.339044,0.582011,0.468908,23
22,0.9934059999999999,0.511672,0.441646,0.632023,0.35230700000000004,0.746101,0.42684700000000003,25
22,0.9415180000000001,0.49635100000000004,0.44784399999999996,0.636836,0.286234,0.52463,0.480713,26
22,0.988411,0.5360050000000001,0.442042,0.666221,0.370312,0.397046,0.457729,27
22,0.9306180000000001,0.532934,0.390406,0.924018,0.31368,0.5816479999999999,0.354385,28
22,0.95305,0.46082799999999996,0.496514,0.550773,0.42867799999999995,0.818033,0.423645,30
23,0.8483809999999999,0.393627,0.426345,0.702922,0.5673739999999999,0.641574,0.28420700000000004,0
23,0.7294619999999999,0.31354,0.408007,0.74995,0.245114,0.7793,0.348555,3
23,0.8985799999999999,0.498691,0.45192899999999997,0.585047,0.345423,0.635245,0.42557399999999995,5
23,0.906666,0.46555799999999997,0.392002,0.7725310000000001,0.446509,0.731753,0.461521,7
23,0.8750959999999999,0.391278,0.372406,0.843202,0.44587299999999996,0.49358500000000005,0.325966,9
23,0.932659,0.445726,0.481592,0.560238,0.444262,0.49455699999999997,0.330368,14
23,0.984994,0.533806,0.372601,0.804128,0.248231,0.673554,0.501753,16
23,0.9284530000000001,0.436622,0.42258500000000004,0.665842,0.378999,1.001283,0.38805700000000004,18
23,0.987657,0.430216,0.38355300000000003,0.8362879999999999,0.36556700000000003,0.45098599999999994,0.397273,21
23,0.898867,0.508159,0.393133,0.8561700000000001,0.47185900000000003,0.257693,0.406988,22
23,0.918501,0.431745,0.416354,0.686685,0.33613699999999996,0.750163,0.522282,25
23,0.9859709999999999,0.513067,0.402783,0.669189,0.48787700000000006,0.621977,0.36320399999999997,29
24,0.833232,0.412463,0.501164,0.522126,0.42411000000000004,1.029342,0.30589099999999997,0
24,0.82594,0.389414,0.426099,0.678721,0.369093,0.9806299999999999,0.373678,5
24,0.9043469999999999,0.43631000000000003,0.445429,0.6005689999999999,0.346391,0.601611,0.354043,7
24,0.913234,0.45333500000000004,0.403685,0.779537,0.406403,0.72569,0.41397,10
24,0.987525,0.549802,0.413864,0.73364,0.395864,0.41058100000000003,0.419155,17
24,0.9837889999999999,0.506249,0.380132,0.8827290000000001,0.32182,1.209978,0.366672,18
24,1.028162,0.628038,0.45192899999999997,0.618414,0.32558400000000004,0.7113119999999999,0.427651,19
24,1.0049620000000001,0.521728,0.373695,0.864944,0.352799,0.48745900000000003,0.40337399999999995,23
24,0.99267,0.498749,0.422941,0.634084,0.419911,1.513158,0.372372,25
24,1.00413,0.5383939999999999,0.359062,0.889173,0.43978500000000004,0.374834,0.381443,28
24,1.024889,0.525357,0.368734,0.873136,0.381037,0.661142,0.407511,30
25,0.685565,0.317749,0.46240299999999995,0.57536,0.339846,0.452136,0.23058800000000002,0
25,0.853975,0.41322,0.46013699999999996,0.598495,0.44553000000000004,0.491296,0.361987,3
25,0.7882170000000001,0.408197,0.44888100000000003,0.663222,0.293721,0.578968,0.47911099999999995,7
25,0.864606,0.41657,0.43016099999999996,0.649748,0.327814,0.636991,0.420202,12
25,0.8660190000000001,0.484216,0.465454,0.621835,0.38782,0.48032700000000006,0.398027,15
25,0.87402,0.424422,0.415983,0.761383,0.254033,0.451887,0.42680100000000004,18
25,0.9045719999999999,0.44322799999999996,0.366288,0.8379559999999999,0.486329,0.588299,0.37392800000000004,19
25,0.856974,0.43768,0.396131,0.754483,0.365708,0.5784130000000001,0.436472,22
25,0.8729690000000001,0.417641,0.41165799999999997,0.722298,0.49979700000000005,0.42164700000000005,0.305607,23
25,0.906531,0.45675299999999996,0.40694,0.778782,0.302796,0.659412,0.36935999999999997,28
25,0.900101,0.500571,0.42146000000000006,0.704559,0.323398,0.8476899999999999,0.384029,34
25,0.898856,0.459767,0.348308,0.8579969999999999,0.469358,0.640517,0.416328,39
26,0.819874,0.33232399999999995,0.44609399999999994,0.603079,0.525313,0.8663620000000001,0.255855,0
26,0.861833,0.324087,0.41039200000000003,0.742226,0.5019710000000001,1.199093,0.375327,2
26,0.931847,0.390296,0.41293,0.7837430000000001,0.431727,0.710024,0.368203,4
26,1.004151,0.42298199999999997,0.478904,0.518853,0.522027,0.511505,0.307799,6
26,0.96291,0.407697,0.43553400000000003,0.669429,0.541118,0.573344,0.405542,7
26,0.9577040000000001,0.454139,0.475208,0.550167,0.560783,0.514516,0.343325,11
26,0.935464,0.404177,0.42385500000000004,0.680086,0.500637,0.40674699999999997,0.39459299999999997,13
26,0.9476120000000001,0.38064699999999996,0.41902799999999996,0.7067869999999999,0.57972,0.43255,0.370492,15
26,0.9385049999999999,0.375988,0.43072200000000005,0.655096,0.43789700000000004,0.491544,0.352907,17
26,0.9879959999999999,0.42699899999999996,0.410512,0.74822,0.48271800000000004,0.6374270000000001,0.321786,18
26,1.0161149999999999,0.475087,0.43054499999999996,0.697449,0.443747,0.402333,0.38363400000000003,19
27,0.831636,0.383006,0.471289,0.6031880000000001,0.431971,0.636278,0.269919,2
27,0.85395,0.395439,0.444021,0.609951,0.47771800000000003,0.800739,0.345283,11
27,0.884343,0.43156300000000003,0.39626999999999996,0.791528,0.448244,0.198185,0.365288,13
27,1.0051860000000001,0.47454399999999997,0.360581,0.8482120000000001,0.510968,0.491246,0.3648,16
27,0.9323030000000001,0.44696400000000003,0.427252,0.676546,0.41206899999999996,0.6002649999999999,0.377131,18
27,0.948732,0.5074350000000001,0.390123,0.856333,0.45187200000000005,0.44702,0.321789,20
27,0.968118,0.536311,0.39024899999999996,0.742432,0.36235100000000003,0.456795,0.41096499999999997,22
27,0.914855,0.47183100000000006,0.379858,0.837522,0.414576,0.491568,0.393689,25
27,0.9337780000000001,0.48349,0.41852700000000004,0.75774,0.393858,0.56814,0.43423100000000003,30
27,0.93094,0.445032,0.418525,0.7559640000000001,0.386192,1.00175,0.38655,36
27,0.9376700000000001,0.5580579999999999,0.402532,0.719366,0.43134700000000004,0.366399,0.45872399999999997,41
28,0.922178,0.420645,0.412867,0.759828,0.384761,0.687891,0.348202,14
28,0.8585459999999999,0.383065,0.43783299999999997,0.6341359999999999,0.337214,0.496337,0.345987,16
28,0.839199,0.359442,0.378654,0.883023,0.332542,0.665482,0.449748,18
28,0.904186,0.41689,0.41711800000000004,0.664021,0.34772800000000004,0.610633,0.361512,20
28,0.885416,0.41182399999999997,0.419746,0.672082,0.41495200000000004,0.41016,0.337636,26
28,0.846563,0.435575,0.43623199999999995,0.665518,0.342123,0.481419,0.425883,28
28,0.858391,0.41843400000000003,0.44158800000000004,0.665191,0.306312,0.516405,0.455196,34
28,0.914327,0.5059779999999999,0.37648200000000004,0.963583,0.283085,0.371558,0.436296,35
28,0.931679,0.40556,0.430329,0.671945,0.41126999999999997,0.9675520000000001,0.395353,37
28,0.920155,0.424174,0.401972,0.792837,0.349981,0.603863,0.451883,41
28,0.937135,0.418371,0.435564,0.644038,0.455762,0.331246,0.425271,46
29,0.8891190000000001,0.37188499999999997,0.42361499999999996,0.706232,0.47118999999999994,0.425291,0.30004699999999995,1
29,0.9818030000000001,0.43265600000000004,0.379671,0.786456,0.52166,0.659616,0.28274699999999997,4
29,0.8622549999999999,0.352613,0.397925,0.759076,0.46412700000000007,0.804729,0.303138,5
29,0.964,0.369166,0.42587600000000003,0.7039380000000001,0.42316400000000004,0.338828,0.343526,10
29,0.951083,0.435882,0.42095299999999997,0.723322,0.470365,0.794234,0.457937,11
29,0.9528530000000001,0.37445900000000004,0.38686,0.808963,0.441471,1.022259,0.413641,13
29,1.034222,0.535556,0.44196,0.66175,0.36622,0.5265569999999999,0.42668599999999995,16
29,1.03835,0.477667,0.422986,0.5799810000000001,0.45522399999999996,0.484228,0.365137,20
29,1.131134,0.6089760000000001,0.490691,0.533606,0.396487,0.607449,0.49423,22
29,1.0781530000000001,0.6224109999999999,0.400989,0.737826,0.360171,0.607372,0.466164,23
29,0.9912559999999999,0.469238,0.406087,0.6695800000000001,0.5862569999999999,0.763247,0.377602,29
29,1.029448,0.424342,0.431172,0.638308,0.327926,0.713925,0.351829,31
29,0.990089,0.460609,0.416817,0.722169,0.370398,0.578184,0.40382399999999996,33
30,0.855519,0.405631,0.44305500000000003,0.6401899999999999,0.43174399999999996,0.940592,0.342093,0
30,0.948975,0.502837,0.398281,0.727434,0.488907,0.6237050000000001,0.39058200000000004,4
30,0.892993,0.43659499999999996,0.41444,0.713346,0.357651,0.627953,0.429357,5
30,0.909818,0.418333,0.452417,0.56479,0.390342,0.802687,0.40634899999999996,7
30,0.994174,0.437145,0.46491400000000005,0.530929,0.271196,1.126428,0.474063,10
30,1.021393,0.565685,0.480134,0.5224409999999999,0.33926,0.598109,0.44228900000000004,16
30,1.005715,0.51608,0.46943900000000005,0.540573,0.319315,0.668078,0.441899,17
30,1.011724,0.515885,0.382762,0.777997,0.394012,0.699016,0.457509,18
30,0.9449850000000001,0.480721,0.397365,0.774356,0.397404,0.662749,0.491917,20
30,1.033938,0.542158,0.397757,0.751746,0.366832,0.95514,0.427568,23
30,1.0433569999999999,0.553928,0.441093,0.734769,0.30462100000000003,0.5532699999999999,0.477401,26
31,0.603935,0.298591,0.393874,0.7588020000000001,0.372789,0.321608,0.26920900000000003,0
31,0.715084,0.366145,0.42782,0.602949,0.336638,0.37148000000000003,0.334974,2
31,0.7670560000000001,0.38962800000000003,0.44428199999999995,0.643122,0.353101,0.403163,0.365247,3
31,0.791208,0.328135,0.41610699999999995,0.700853,0.45107600000000003,0.8628370000000001,0.323239,4
31,0.873926,0.401758,0.424993,0.673583,0.45570200000000005,0.5425449999999999,0.318809,6
31,0.8224889999999999,0.369236,0.39408899999999997,0.750763,0.41146099999999997,1.064812,0.393802,7
31,0.9045110000000001,0.510756,0.433932,0.663629,0.29934099999999997,0.723729,0.38304099999999996,9
31,0.898315,0.429867,0.423023,0.691818,0.467779,0.829206,0.31201799999999996,11
31,0.8952530000000001,0.429133,0.461392,0.6149100000000001,0.340468,0.6674100000000001,0.334511,12
31,0.9056850000000001,0.449125,0.44957299999999994,0.640392,0.34331,0.451029,0.397777,14
31,0.935077,0.417246,0.383652,0.839311,0.360875,0.43850900000000004,0.344357,15
31,0.9055540000000001,0.407039,0.40465300000000004,0.741744,0.387563,0.37111700000000003,0.371324,16
31,0.975571,0.53193,0.371029,0.891232,0.425199,0.452683,0.378052,19
32,0.806279,0.369553,0.442143,0.6486770000000001,0.43690200000000007,0.7915409999999999,0.31596,6
32,0.800441,0.369714,0.45233900000000005,0.5906359999999999,0.45813400000000004,0.554422,0.404159,8
32,0.863923,0.393336,0.414685,0.68278,0.41335,0.838902,0.42810699999999996,10
32,0.828892,0.377814,0.402599,0.812602,0.243405,0.517983,0.374247,13
32,0.913892,0.43461099999999997,0.42138000000000003,0.680431,0.29459,0.495879,0.403409,15
32,0.904891,0.439496,0.416216,0.736124,0.297356,0.486146,0.383851,18
32,0.8732030000000001,0.41211899999999996,0.427399,0.745842,0.322581,0.718757,0.360684,20
32,0.8838030000000001,0.394986,0.386945,0.799592,0.333328,1.20211,0.38443299999999997,24
32,0.9233290000000001,0.461686,0.430667,0.70326,0.304617,0.535225,0.44139799999999996,28
32,0.781048,0.451384,0.389243,0.746007,0.314077,0.590204,0.434436,33
32,0.796764,0.42214799999999997,0.414026,0.780321,0.25766,0.933293,0.425154,35
32,0.873491,0.437287,0.386127,0.754432,0.289669,0.554816,0.49398400000000003,40
33,0.605271,0.183135,0.381789,0.830105,0.482055,1.0220850000000001,0.28634699999999996,2
33,0.7552409999999999,0.383133,0.483426,0.53257,0.32348899999999997,0.5228520000000001,0.375698,5
33,0.8725620000000001,0.420914,0.47680900000000004,0.5932189999999999,0.395569,0.464501,0.373761,10
33,0.864609,0.385812,0.44626400000000005,0.580812,0.513716,0.579843,0.33773400000000003,14
33,0.922064,0.459294,0.440828,0.591126,0.5190899999999999,0.540141,0.31452800000000003,18
33,0.8365549999999999,0.41134799999999994,0.358693,0.877207,0.42346300000000003,0.547532,0.32314,21
33,0.832967,0.377312,0.463844,0.578793,0.406592,0.726144,0.267219,25
33,0.962098,0.497062,0.46316499999999994,0.585548,0.358584,0.6483770000000001,0.43040600000000007,30
33,0.880531,0.47584799999999994,0.43299399999999993,0.7045710000000001,0.372933,0.45164799999999994,0.32476900000000003,35
33,0.85025,0.421005,0.482245,0.528683,0.47157,0.8904989999999999,0.25145300000000004,39
33,0.851008,0.44971000000000005,0.472297,0.622167,0.27232,0.723701,0.34079,44
34,0.759741,0.370777,0.433104,0.654127,0.306464,0.523356,0.42686,2
34,0.779928,0.356147,0.43270299999999995,0.703886,0.361222,0.743868,0.438183,4
34,0.97945,0.407258,0.404277,0.727376,0.36998400000000004,0.818148,0.42424700000000004,11
34,0.984366,0.46196800000000005,0.408744,0.6591239999999999,0.44273999999999997,0.42935,0.366037,13
34,1.0219639999999999,0.478202,0.38505500000000004,0.831778,0.514833,0.5158659999999999,0.41889799999999994,15
34,1.0139049999999998,0.460221,0.39931300000000003,0.738737,0.445988,0.518138,0.36394699999999996,16
34,0.9608030000000001,0.41536999999999996,0.368736,0.842715,0.442676,0.769612,0.38156599999999996,18
34,0.895476,0.401163,0.36184499999999997,0.849621,0.44835600000000003,0.8790129999999999,0.35629099999999997,21
34,0.9160809999999999,0.459732,0.389382,0.719087,0.39070900000000003,0.634232,0.38103899999999996,25
34,1.061541,0.540118,0.488771,0.51453,0.367194,0.649297,0.4564,30
34,0.9910629999999999,0.499308,0.455607,0.596126,0.532147,0.47687700000000005,0.373576,35
34,1.030912,0.483871,0.428138,0.6504909999999999,0.447956,0.636966,0.283009,39
34,0.981786,0.480709,0.373338,0.825039,0.41470200000000007,0.41192700000000004,0.349494,44
35,0.8443360000000001,0.461049,0.476652,0.505074,0.45955799999999997,0.551395,0.359985,0
35,0.7905260000000001,0.345873,0.382765,0.7954319999999999,0.439217,0.6547,0.303956,1
35,0.762899,0.381577,0.422096,0.671532,0.33732,0.616095,0.357089,3
35,0.815894,0.33812800000000004,0.442935,0.633267,0.45807,0.526999,0.35972800000000005,5
35,0.850043,0.369438,0.419587,0.7217100000000001,0.389955,0.41469799999999996,0.332727,7
35,0.846578,0.364083,0.468012,0.5861390000000001,0.5220100000000001,0.701795,0.353429,8
35,0.8700540000000001,0.378761,0.438538,0.672782,0.445096,0.747373,0.372855,9
35,0.8901959999999999,0.318387,0.43541,0.6909810000000001,0.465712,0.426225,0.34879899999999997,12
35,0.97311,0.430284,0.43557799999999997,0.61397,0.449962,0.487597,0.367111,14
35,0.92271,0.391443,0.43415600000000004,0.644227,0.46607600000000005,0.39012399999999997,0.371655,16
35,0.916776,0.391771,0.443874,0.6406069999999999,0.46331300000000003,0.47842399999999996,0.376587,18
35,0.937205,0.448118,0.444773,0.645228,0.451509,0.43803400000000003,0.418516,21
35,1.033556,0.485016,0.422231,0.573476,0.506653,0.614221,0.35231599999999996,23
35,1.0219719999999999,0.5379619999999999,0.423587,0.6887220000000001,0.360485,0.525504,0.476808,23
36,0.824665,0.432461,0.43126899999999996,0.68421,0.549845,0.429971,0.30286,0
36,0.8197260000000001,0.421808,0.41672,0.702266,0.416872,0.49347399999999997,0.381983,1
36,0.8449260000000001,0.40108499999999997,0.494148,0.512742,0.402011,0.522578,0.361654,3
36,0.868253,0.448849,0.429938,0.641275,0.524367,0.725328,0.40439200000000003,5
36,0.884973,0.407891,0.433696,0.6915,0.40035,0.795975,0.409061,6
36,0.9392729999999999,0.48198599999999997,0.399545,0.786999,0.601178,0.5493140000000001,0.345136,8
36,0.890386,0.400801,0.440147,0.6626920000000001,0.439946,0.481042,0.368745,11
36,0.9147370000000001,0.413815,0.415045,0.714823,0.488187,0.658351,0.373686,13
36,0.904085,0.429063,0.47859799999999997,0.55084,0.457028,0.47607,0.410409,15
36,0.931477,0.44762399999999997,0.45919499999999996,0.536461,0.368028,0.746373,0.436249,17
36,0.9330200000000001,0.406449,0.42426099999999994,0.654289,0.484257,0.7530859999999999,0.362189,18
36,0.901309,0.444565,0.407684,0.751785,0.40315100000000004,0.518824,0.374079,19
36,0.942091,0.48084,0.471311,0.592252,0.477259,0.48499899999999996,0.369552,20
37,0.771273,0.355692,0.43937299999999996,0.6255390000000001,0.546562,0.597308,0.32672199999999996,0
37,0.785698,0.315798,0.407199,0.7652770000000001,0.39118800000000004,0.44964399999999993,0.298638,1
37,0.804686,0.299552,0.42659899999999995,0.655215,0.43392299999999995,0.9367110000000001,0.386777,2
37,0.8591840000000001,0.43595500000000004,0.472803,0.576279,0.324596,0.746911,0.470426,4
37,0.8956,0.37348200000000004,0.409536,0.722241,0.38266700000000003,0.927751,0.47116899999999995,6
37,0.863165,0.412778,0.405354,0.703702,0.338602,0.982216,0.470332,8
37,0.912998,0.45951099999999995,0.40210300000000004,0.7145600000000001,0.41284799999999994,0.5483560000000001,0.444644,9
37,0.9343239999999999,0.510885,0.401599,0.745617,0.347198,0.479315,0.54019,11
37,0.8681450000000001,0.388277,0.503115,0.49471899999999996,0.363498,0.785316,0.460922,13
37,0.8891469999999999,0.409663,0.387046,0.742352,0.398011,0.698875,0.44797,17
37,0.9091030000000001,0.43816400000000005,0.490309,0.537706,0.281328,0.36513,0.41659300000000005,18
37,0.8889469999999999,0.42136,0.38269000000000003,0.769506,0.36799499999999996,0.637817,0.434331,19
38,0.767618,0.390061,0.420396,0.764768,0.434758,0.32912600000000003,0.30580100000000005,0
38,0.7993640000000001,0.347603,0.39147600000000005,0.767496,0.465904,0.667266,0.292428,1
38,0.8223540000000001,0.362077,0.43120600000000003,0.69438,0.448534,0.832426,0.33971599999999996,3
38,0.8459909999999999,0.383449,0.449463,0.618211,0.34360100000000005,0.531935,0.336629,4
38,0.8525870000000001,0.371775,0.454067,0.599672,0.48226800000000003,0.6900430000000001,0.27987,5
38,0.818629,0.357577,0.524999,0.498517,0.499183,0.40520300000000004,0.3277,8
38,0.8340920000000001,0.344405,0.407677,0.705963,0.503446,0.552135,0.34159,10
38,0.849878,0.363502,0.38850500000000004,0.786409,0.441942,0.999762,0.384411,11
38,0.766042,0.35734099999999996,0.48563900000000004,0.527866,0.445821,0.975124,0.345379,13
38,0.7811939999999999,0.40891500000000003,0.379166,0.789824,0.499374,0.553461,0.395658,14
38,0.9027299999999999,0.437963,0.407,0.757742,0.46270600000000006,0.407715,0.402552,17
38,0.89566,0.430829,0.460884,0.565238,0.586065,1.0632409999999999,0.31288699999999997,21
38,0.956507,0.47006800000000004,0.42706099999999997,0.7489819999999999,0.48312299999999997,0.263785,0.320718,23
38,0.887373,0.462053,0.46649799999999997,0.6365390000000001,0.394225,0.20618699999999998,0.376239,34
39,0.813459,0.360912,0.455379,0.6247149999999999,0.487521,0.619268,0.28721199999999997,2
39,0.8924479999999999,0.41761800000000004,0.44355100000000003,0.6211369999999999,0.528324,0.525671,0.295023,5
39,0.818753,0.42632700000000007,0.443035,0.6445930000000001,0.42149,0.860073,0.299975,7
39,0.825427,0.358197,0.444788,0.6234649999999999,0.5286109999999999,0.724078,0.336312,10
39,0.8500139999999999,0.355748,0.360143,0.913963,0.378336,0.951691,0.36959000000000003,11
39,0.836241,0.369108,0.40768699999999997,0.726761,0.43708100000000005,0.919615,0.37987600000000005,13
39,0.819465,0.35594000000000003,0.436303,0.64142,0.41773299999999997,0.936551,0.38124,15
39,0.843882,0.423192,0.360089,0.9403030000000001,0.387399,0.479329,0.37151799999999996,16
39,0.884232,0.43100600000000006,0.356336,0.8341049999999999,0.452087,0.8471879999999999,0.367581,17
39,0.834622,0.36577600000000005,0.41916899999999996,0.731746,0.379148,0.6637069999999999,0.37349899999999997,19
39,0.799144,0.358562,0.42355699999999996,0.678793,0.34339000000000003,0.542359,0.327285,35
39,0.8430840000000001,0.437396,0.43352399999999996,0.547829,0.574857,1.198652,0.318114,45
39,0.8348899999999999,0.373246,0.43942700000000007,0.6749930000000001,0.44377700000000003,0.41422600000000004,0.326831,50
39,0.8631059999999999,0.359033,0.42487600000000003,0.6548189999999999,0.376324,1.7321060000000001,0.360831,52
40,0.8230059999999999,0.398915,0.401644,0.7449,0.512662,1.103717,0.277492,0
40,0.8424950000000001,0.34013000000000004,0.427117,0.6409130000000001,0.560365,0.696555,0.298602,2
40,0.8427319999999999,0.469416,0.390717,0.741455,0.5766,0.43632200000000004,0.27626300000000004,3
40,0.871859,0.375635,0.41310600000000003,0.698616,0.5617449999999999,0.758365,0.278252,3
40,0.872958,0.403104,0.376702,0.822516,0.669357,0.570822,0.335823,5
40,0.883559,0.40627800000000003,0.438622,0.666301,0.430551,0.572451,0.365478,6
40,0.807666,0.385889,0.500252,0.421083,0.45346899999999996,0.724162,0.397032,7
40,0.852505,0.397179,0.47243900000000005,0.562226,0.28177199999999997,2.180021,0.385596,9
40,0.88029,0.40682399999999996,0.49176000000000003,0.513926,0.5333600000000001,0.6627850000000001,0.33119899999999997,10
40,0.8733290000000001,0.415875,0.5038239999999999,0.48853599999999997,0.33729499999999996,0.402972,0.402069,12
40,0.8818290000000001,0.431913,0.484786,0.57567,0.298927,0.44910100000000003,0.403543,14
40,0.896307,0.449209,0.4232,0.696565,0.4277,0.336566,0.330768,16
40,0.9845430000000001,0.455765,0.43545500000000004,0.661998,0.353105,0.603173,0.371222,19
40,1.008831,0.498938,0.404144,0.735571,0.344615,0.472946,0.410517,21
41,0.718069,0.30311,0.372098,0.818458,0.41448100000000004,1.073405,0.35645,0
41,0.813945,0.34560599999999997,0.41646700000000003,0.672259,0.511662,1.257392,0.317238,2
41,0.842922,0.380756,0.380336,0.785262,0.480225,1.123693,0.315085,4
41,0.8724290000000001,0.387151,0.44128500000000004,0.64383,0.451545,0.7843829999999999,0.361865,6
41,0.928791,0.466656,0.430068,0.6692060000000001,0.47759399999999996,0.9530780000000001,0.35171399999999997,9
41,0.9302309999999999,0.460521,0.393165,0.779647,0.47121899999999994,0.759966,0.306288,13
41,0.792809,0.370025,0.46798999999999996,0.58514,0.372254,0.35126199999999996,0.361248,19
41,0.8597469999999999,0.38660500000000003,0.384013,0.7921159999999999,0.436899,0.483338,0.368753,20
41,0.8611700000000001,0.4047,0.45277,0.640833,0.455658,0.24000100000000002,0.37501,21
41,0.894134,0.440145,0.426835,0.632927,0.388995,0.10746300000000002,0.36721,24
42,0.672555,0.29134899999999997,0.42952700000000005,0.684211,0.45956199999999997,0.57305,0.260745,0
42,0.737373,0.360846,0.40886500000000003,0.661909,0.367286,0.5210020000000001,0.355049,1
42,0.895252,0.38449,0.415362,0.756656,0.420575,0.621746,0.350371,4
42,0.822981,0.36192399999999997,0.417926,0.686253,0.43572,0.42913599999999996,0.297713,5
42,0.77028,0.3959,0.42796999999999996,0.706867,0.38206999999999997,0.481984,0.334368,6
42,0.8991049999999999,0.457167,0.404383,0.7280449999999999,0.387135,0.475103,0.345921,8
42,0.909684,0.463721,0.401199,0.7347859999999999,0.415347,0.8078810000000001,0.42871499999999996,10
42,0.878892,0.397547,0.407222,0.713101,0.41143900000000005,0.796058,0.33747,12
42,0.877131,0.441871,0.45525299999999996,0.566782,0.501221,1.014247,0.284225,14
42,0.858699,0.442011,0.425447,0.673847,0.400165,0.502605,0.341898,18
42,0.939865,0.52325,0.40911,0.64994,0.459312,0.633903,0.377971,20
42,0.9390059999999999,0.494508,0.444013,0.6235729999999999,0.48288000000000003,0.691823,0.37098400000000004,24
42,0.9228770000000001,0.48574799999999996,0.410596,0.669189,0.43599799999999994,0.483288,0.36034099999999997,28
43,0.729635,0.394072,0.436058,0.673467,0.447212,0.59742,0.241959,0
43,0.727121,0.334689,0.408749,0.711109,0.44142600000000004,0.682723,0.31650300000000003,3
43,0.842517,0.47090200000000004,0.400525,0.725476,0.40967,0.47063999999999995,0.37304699999999996,4
43,0.695188,0.305144,0.444125,0.641119,0.473867,0.516782,0.304748,5
43,0.9366110000000001,0.546132,0.43826499999999996,0.630534,0.5505760000000001,0.660871,0.256723,10
43,0.91681,0.43326800000000004,0.422187,0.67351,0.439442,0.48586999999999997,0.287499,13
43,0.874785,0.44212399999999996,0.437429,0.618969,0.46929399999999993,0.694226,0.38105700000000003,15
43,0.831105,0.45072,0.360173,0.81387,0.411274,0.936119,0.3585,17
43,0.93475,0.45468100000000006,0.413799,0.703515,0.41148100000000004,0.806335,0.362815,19
43,0.8663190000000001,0.42083999999999994,0.384229,0.801094,0.34270700000000004,1.092039,0.363077,23
43,0.9598200000000001,0.46165200000000006,0.325965,1.100886,0.374316,0.862015,0.467735,27
44,0.794922,0.353265,0.4226,0.669657,0.46398999999999996,1.3968909999999999,0.333061,1
44,0.798798,0.34928899999999996,0.470732,0.559821,0.46656499999999995,0.284549,0.276658,3
44,0.9344610000000001,0.47707700000000003,0.44868,0.638875,0.481426,0.710633,0.396579,5
44,0.920011,0.404627,0.39461399999999996,0.770894,0.377296,0.6270899999999999,0.33746,7
44,0.885232,0.436712,0.444695,0.688642,0.479296,0.68853,0.370192,13
44,0.8683709999999999,0.423544,0.428979,0.6610189999999999,0.449111,0.43865699999999996,0.270451,15
44,0.9249709999999999,0.509761,0.436845,0.642358,0.475997,0.53582,0.37409000000000003,17
44,0.948658,0.584875,0.423076,0.75243,0.476945,0.413312,0.41472299999999995,18
44,0.9253170000000001,0.485282,0.445396,0.659175,0.46491099999999996,0.558365,0.353879,21
44,0.935751,0.500524,0.393708,0.695463,0.33074000000000003,0.509441,0.42057,25
45,0.75481,0.332329,0.41409799999999997,0.7519710000000001,0.323074,1.8209959999999998,0.390673,3
45,0.80471,0.369136,0.388071,0.789475,0.34068000000000004,0.712953,0.404831,6
45,0.847951,0.437787,0.431642,0.710971,0.40479,0.480125,0.29772600000000005,8
45,0.908701,0.37964200000000003,0.423893,0.6807979999999999,0.44378100000000004,0.726132,0.372754,12
45,0.937989,0.45778900000000006,0.41868299999999997,0.686823,0.420138,0.46716899999999995,0.346348,17
45,0.8835040000000001,0.403296,0.395964,0.793357,0.396067,0.663679,0.363329,18
45,0.884076,0.390452,0.41761000000000004,0.7010390000000001,0.44111300000000003,0.727479,0.340154,19
45,0.9340040000000001,0.448412,0.40736500000000003,0.687527,0.523783,0.72937,0.363385,25
45,0.899071,0.48261899999999996,0.38601199999999997,0.97106,0.34368699999999996,0.741636,0.310582,28
45,0.9085639999999999,0.502167,0.40279,0.715472,0.343941,0.623741,0.316183,32
45,0.814815,0.44788199999999995,0.39166999999999996,0.758604,0.450567,0.48521400000000003,0.32506799999999997,40
45,0.908742,0.4072,0.42959899999999995,0.6831649999999999,0.408138,1.07,0.292697,43
45,0.937517,0.44333199999999995,0.35186300000000004,0.880441,0.634429,0.416046,0.306318,48
46,0.755696,0.370542,0.43354,0.687422,0.380816,0.617326,0.281694,0
46,0.8270379999999999,0.44492,0.44893500000000003,0.571764,0.306343,0.441327,0.32771100000000003,1
46,0.865083,0.424418,0.438158,0.691232,0.5106609999999999,0.589118,0.301807,2
46,0.8924620000000001,0.391194,0.416127,0.699322,0.564737,0.390266,0.284696,4
46,0.9304469999999999,0.44024300000000005,0.403113,0.724394,0.35728699999999997,0.758885,0.35584499999999997,6
46,0.9413159999999999,0.42148,0.408948,0.704595,0.44180200000000003,0.767361,0.362116,8
46,0.850864,0.377178,0.4305,0.661097,0.525742,0.927668,0.374776,10
46,0.901749,0.459898,0.42593000000000003,0.654967,0.44724200000000003,0.6071880000000001,0.38718,12
46,0.947109,0.49729700000000004,0.48629799999999995,0.558207,0.327178,0.812237,0.406901,14
46,0.941168,0.47403500000000004,0.42631499999999994,0.6907479999999999,0.400462,0.58136,0.356089,16
46,0.943262,0.44910200000000006,0.375384,0.923927,0.434396,0.810249,0.41126899999999994,17
46,0.9597319999999999,0.438697,0.459237,0.618604,0.44154799999999994,0.5981310000000001,0.369026,18
46,0.9942190000000001,0.48827600000000004,0.44799799999999995,0.626456,0.435204,0.506653,0.358295,20
47,0.935092,0.5314300000000001,0.426256,0.6695989999999999,0.408598,0.42468100000000003,0.391092,5
47,0.9175479999999999,0.45718100000000006,0.44667399999999996,0.567009,0.45931700000000003,0.620216,0.276848,6
47,0.9111290000000001,0.48465,0.484965,0.5197890000000001,0.426857,0.523833,0.310648,9
47,0.9608049999999999,0.521691,0.38011999999999996,0.877933,0.226973,0.6658189999999999,0.388241,11
47,0.876058,0.43158,0.41993400000000003,0.665713,0.46330299999999996,0.521506,0.32718200000000003,12
47,0.8401780000000001,0.37285300000000005,0.43968,0.617983,0.46783900000000006,0.31741199999999997,0.374371,13
47,0.90569,0.504919,0.43773199999999995,0.619595,0.421176,0.494618,0.350846,15
47,0.8569319999999999,0.44516400000000006,0.44772700000000004,0.614584,0.319836,0.8462059999999999,0.32297,18
47,0.9239069999999999,0.44281499999999996,0.357145,0.880375,0.44725,0.590254,0.349788,20
47,0.9111899999999999,0.43046,0.437675,0.656692,0.424604,0.569021,0.36073099999999997,23
47,0.8698799999999999,0.415602,0.46097,0.6093770000000001,0.27101,0.519796,0.368773,27
47,0.8496030000000001,0.480394,0.35415100000000005,1.057152,0.284229,0.676142,0.415282,33
47,0.9058229999999999,0.46788500000000005,0.461563,0.595813,0.277983,0.636571,0.435946,45
47,0.9218059999999999,0.441813,0.47510399999999997,0.5314949999999999,0.284057,0.6540739999999999,0.424571,55
48,0.754544,0.358951,0.45878100000000005,0.542043,0.45244799999999996,1.154752,0.223717,0
48,0.945608,0.48030500000000004,0.393376,0.759102,0.24185,0.8820610000000001,0.44686899999999996,9
48,0.81562,0.385809,0.44943,0.601823,0.389913,0.5817,0.38759099999999996,10
48,0.849132,0.402416,0.5059140000000001,0.47866800000000004,0.49646899999999994,0.866944,0.255331,11
48,0.924816,0.45659799999999995,0.49238000000000004,0.5011,0.389338,0.34625500000000003,0.325608,15
48,0.948682,0.463559,0.423444,0.647572,0.45960200000000007,0.840392,0.298102,16
48,0.9426190000000001,0.404729,0.451449,0.587501,0.49444899999999997,0.7351449999999999,0.333892,17
48,0.960924,0.390912,0.401489,0.736217,0.43658900000000006,0.390572,0.318681,18
48,0.922005,0.39326500000000003,0.430546,0.693709,0.35940900000000003,0.301983,0.33475,27
48,0.897724,0.37682899999999997,0.41024499999999997,0.717804,0.443071,0.704689,0.341915,30
48,0.860075,0.36432800000000004,0.41823699999999997,0.731364,0.380349,1.298864,0.340043,33
48,0.917042,0.361766,0.44182299999999997,0.595168,0.404625,1.819698,0.281285,46
48,0.921399,0.37259200000000003,0.458661,0.605854,0.49825,1.645123,0.30254899999999996,49
48,0.9196540000000001,0.358562,0.457041,0.553946,0.509744,0.647883,0.364051,50
48,0.950907,0.409557,0.44589799999999996,0.5947180000000001,0.357403,2.0212830000000004,0.316265,52
48,0.9246780000000001,0.323894,0.48676,0.566002,0.430187,2.1449979999999997,0.296052,54
49,0.786899,0.39357800000000004,0.468762,0.560844,0.457928,0.5853079999999999,0.343383,4
49,0.755554,0.349182,0.44121000000000005,0.6013850000000001,0.513175,0.582264,0.342686,5
49,0.837091,0.346826,0.390967,0.787239,0.496435,0.31601599999999996,0.35143800000000003,6
49,0.9026780000000001,0.451626,0.47098,0.59386,0.361245,0.469735,0.386839,7
49,0.9438780000000001,0.430753,0.43327,0.673842,0.370766,0.604985,0.372728,8
49,0.943183,0.45188599999999995,0.39715500000000004,0.796341,0.44100100000000003,0.702764,0.371366,10
49,0.989331,0.532405,0.442092,0.608448,0.322866,1.127161,0.306284,12
49,0.9797549999999999,0.458875,0.45751800000000004,0.603011,0.378261,0.384713,0.324181,15
49,0.9611709999999999,0.457239,0.436197,0.732428,0.340756,0.632566,0.34932199999999997,16
49,0.917327,0.46383599999999997,0.46196000000000004,0.620676,0.3367,0.241579,0.343346,17
50,0.624646,0.23004699999999997,0.45379899999999995,0.570206,0.591199,3.3507800000000003,0.226462,0
50,0.8059390000000001,0.38106799999999996,0.42801300000000003,0.698728,0.421278,0.6018640000000001,0.32981900000000003,3
50,0.8872,0.416542,0.462895,0.584389,0.400865,0.5276,0.349224,6
50,0.8821629999999999,0.379668,0.46786700000000003,0.556962,0.46151400000000004,0.8350639999999999,0.269152,10
50,0.9313799999999999,0.447363,0.438725,0.655034,0.389193,0.9432780000000001,0.433795,14
50,0.8808360000000001,0.39006399999999997,0.43881000000000003,0.654889,0.374494,0.06072999999999999,0.369215,16
50,0.8747739999999999,0.41403999999999996,0.407104,0.692426,0.281543,0.930681,0.459875,18
50,0.904551,0.384283,0.41836599999999996,0.6917220000000001,0.469275,1.457825,0.356502,22
51,0.788792,0.385438,0.42859899999999995,0.6352270000000001,0.43417799999999995,0.727878,0.330903,0
51,0.849934,0.394531,0.366017,0.8336870000000001,0.470297,0.637584,0.380332,2
51,0.891532,0.38035,0.404773,0.710508,0.39374699999999996,0.934,0.355437,5
51,0.8989280000000001,0.37499499999999997,0.399285,0.751733,0.358702,1.246265,0.327469,8
51,0.968751,0.436904,0.403729,0.727436,0.43800500000000003,0.5697369999999999,0.313608,12
51,0.888697,0.41172,0.48766400000000004,0.553898,0.517803,0.641617,0.322375,14
51,0.8821540000000001,0.472944,0.455038,0.630419,0.537817,0.571916,0.39760999999999996,15
51,0.9148350000000001,0.41295699999999996,0.46107600000000004,0.611347,0.45726400000000006,0.43813199999999997,0.337437,16
51,0.8865719999999999,0.482108,0.413438,0.6500100000000001,0.472472,1.01636,0.340024,17
51,0.9023709999999999,0.41874399999999995,0.43663500000000005,0.6441979999999999,0.349744,0.795407,0.368085,18
51,0.9425450000000001,0.446287,0.47947399999999996,0.554103,0.398547,0.651488,0.368998,24
52,0.827966,0.395135,0.44488500000000003,0.618283,0.502534,0.598435,0.290642,2
52,0.812427,0.37417,0.432108,0.677098,0.478904,0.428072,0.420321,4
52,0.9111440000000001,0.43194,0.395384,0.761266,0.388892,0.800508,0.441575,7
52,0.890798,0.388804,0.45583599999999996,0.614528,0.325997,1.22881,0.43775699999999995,10
52,0.945249,0.441237,0.36783899999999997,0.8545729999999999,0.419203,0.5808409999999999,0.36896100000000004,13
52,0.930399,0.452717,0.424433,0.714029,0.328857,0.48465,0.43516099999999996,14
52,0.9260780000000001,0.430737,0.44985299999999995,0.62415,0.302429,0.743892,0.413433,16
52,0.9802270000000001,0.505941,0.388185,0.8650760000000001,0.248631,0.691455,0.422868,17
52,1.016111,0.521101,0.41943400000000003,0.603054,0.521154,0.7028369999999999,0.46274899999999997,18
52,0.985324,0.511397,0.45465200000000006,0.6266579999999999,0.212734,0.754188,0.331977,19
52,0.950843,0.39559,0.40820100000000004,0.7625460000000001,0.37606,0.988574,0.386189,20
53,0.864718,0.45295100000000005,0.441457,0.594914,0.41821800000000003,0.522995,0.34539000000000003,0
53,0.7684479999999999,0.413401,0.393623,0.816155,0.363693,0.477017,0.34036,1
53,0.798975,0.42356800000000006,0.39647,0.691237,0.399806,0.407837,0.232384,2
53,0.7858609999999999,0.333129,0.45789799999999997,0.591979,0.422966,0.9353600000000001,0.36036399999999996,3
53,0.8256459999999999,0.349615,0.401742,0.763596,0.435008,0.596249,0.269423,4
53,0.8441549999999999,0.36846599999999996,0.412865,0.715835,0.415462,0.7266520000000001,0.327683,6
53,0.8480850000000001,0.378648,0.40726599999999996,0.734073,0.5090279999999999,0.663863,0.27216399999999996,8
53,0.8317540000000001,0.369992,0.470656,0.5489569999999999,0.440291,0.507424,0.295618,10
53,0.811049,0.367112,0.461025,0.6013390000000001,0.48812799999999995,0.461243,0.2927,11
53,0.815828,0.358688,0.401953,0.726767,0.387702,0.879051,0.301946,12
53,0.858677,0.418537,0.44728599999999996,0.655097,0.43071099999999996,0.912766,0.319823,13
53,0.8371190000000001,0.386273,0.44372,0.640922,0.408615,0.537678,0.299429,15
53,0.8708790000000001,0.495018,0.43436800000000003,0.7292069999999999,0.462649,0.327751,0.312571,18
54,0.9738129999999999,0.430251,0.430175,0.715747,0.54084,0.47048199999999996,0.37266900000000003,0
54,0.968568,0.469267,0.395949,0.833683,0.507387,0.591318,0.355525,2
54,0.939206,0.429766,0.390096,0.797308,0.48641599999999996,0.524953,0.41578100000000007,4
54,0.9201870000000001,0.406382,0.426313,0.6741779999999999,0.500317,0.639049,0.355224,6
54,0.9501129999999999,0.514227,0.384336,0.844808,0.400283,0.48495699999999997,0.33534,9
54,0.939534,0.43246899999999994,0.402801,0.7345189999999999,0.396124,1.126897,0.355167,10
54,0.902452,0.41444,0.39809,0.762704,0.348184,1.0394649999999999,0.41349300000000005,11
54,0.890222,0.37976,0.406487,0.709461,0.510337,0.42924399999999996,0.347366,12
54,0.852095,0.387863,0.38147,0.930458,0.373728,0.9712459999999999,0.300358,13
54,0.921983,0.43135500000000004,0.41234899999999997,0.751939,0.436,0.788464,0.381035,16
54,0.9316180000000001,0.407942,0.384702,0.815874,0.37453400000000003,0.8920629999999999,0.380483,17
54,0.9329219999999999,0.41761499999999996,0.46404700000000004,0.5833699999999999,0.41337299999999993,0.5752520000000001,0.380168,18
54,1.012037,0.464424,0.406578,0.8193360000000001,0.430953,0.686469,0.374431,19
55,0.8606540000000001,0.42681199999999997,0.465635,0.493512,0.35915,0.8014439999999999,0.39970900000000004,4
55,0.8969440000000001,0.399183,0.398781,0.699811,0.629912,0.800144,0.333104,5
55,0.92122,0.429728,0.376498,0.8215110000000001,0.5267149999999999,0.391905,0.32976,6
55,0.8797,0.441853,0.423861,0.67845,0.531045,0.682427,0.288879,8
55,0.849339,0.36904699999999996,0.418878,0.71997,0.48192799999999997,0.514206,0.31349699999999997,12
55,0.843627,0.40832199999999996,0.423388,0.685668,0.490734,0.38805100000000003,0.35937800000000003,14
55,0.8466100000000001,0.345481,0.400733,0.723753,0.450304,0.9344,0.333154,22
55,0.8437629999999999,0.41014300000000004,0.454371,0.623359,0.361246,0.249721,0.383294,23
56,0.8494079999999999,0.34886500000000004,0.396278,0.73507,0.550999,2.411041,0.322436,1
56,0.902367,0.46283,0.404535,0.874542,0.34389699999999995,0.851087,0.320108,2
56,0.9631270000000001,0.40420300000000003,0.41846300000000003,0.703203,0.479347,0.6016600000000001,0.3136,3
56,0.93095,0.369608,0.390608,0.783568,0.534071,1.394493,0.38206599999999996,4
56,0.967018,0.40552,0.40409,0.7425189999999999,0.597952,0.9435610000000001,0.299248,6
56,0.954615,0.43221899999999996,0.42893100000000006,0.68609,0.489098,0.639588,0.330561,10
56,0.9331290000000001,0.457528,0.41107,0.757724,0.459529,2.270534,0.324914,12
56,0.9430200000000001,0.48706400000000005,0.427785,0.709397,0.29602,0.6156729999999999,0.37499899999999997,15
57,0.74343,0.319947,0.40226999999999996,0.767892,0.36898600000000004,0.31627,0.324509,0
57,0.9123950000000001,0.411775,0.391847,0.8159390000000001,0.320755,0.470262,0.43407799999999996,5
57,0.8607450000000001,0.35302,0.41213299999999997,0.7029920000000001,0.398634,1.188072,0.31307199999999996,6
57,0.868926,0.401957,0.41497700000000004,0.751506,0.374653,0.577812,0.38458000000000003,7
57,0.845332,0.35596,0.389256,0.797751,0.416271,0.63021,0.406673,12
57,0.9343540000000001,0.374339,0.386465,0.841073,0.42023999999999995,1.354909,0.415437,16
57,0.941917,0.44035799999999997,0.460162,0.595022,0.430516,1.0,0.377625,17
57,0.965633,0.44085699999999994,0.45044300000000004,0.603785,0.419829,0.200483,0.36484,18
57,0.907492,0.345022,0.446747,0.6273029999999999,0.451596,0.358631,0.34575500000000003,23
57,0.9503889999999999,0.395534,0.39478,0.7874260000000001,0.47617200000000004,0.632542,0.35385500000000003,25
58,0.865367,0.425915,0.44188999999999995,0.582151,0.49585100000000004,0.661097,0.339298,0
58,1.016573,0.488422,0.398373,0.773714,0.507687,0.516684,0.391869,1
58,0.872468,0.370298,0.427492,0.66827,0.364076,0.533826,0.331479,2
58,0.948391,0.372619,0.380024,0.799878,0.452838,0.672452,0.406708,3
58,0.945508,0.38729,0.40882399999999997,0.732004,0.421892,0.350665,0.394538,4
58,0.9394540000000001,0.392917,0.401586,0.7627079999999999,0.44112299999999993,0.428517,0.338279,5
58,0.9017280000000001,0.46245600000000003,0.40871,0.695941,0.37450500000000003,0.322092,0.35939299999999996,6
58,0.9430860000000001,0.42031599999999997,0.41603100000000004,0.730172,0.41523000000000004,0.286184,0.412416,10
58,0.9446899999999999,0.433978,0.43944700000000003,0.632359,0.40947100000000003,0.43914200000000003,0.446346,13
58,0.918975,0.392363,0.435824,0.663112,0.408017,0.926817,0.374498,15
58,0.9156110000000001,0.45931400000000006,0.372183,0.875914,0.351002,0.657162,0.519451,17
59,0.850909,0.422349,0.365559,0.800222,0.498907,0.421271,0.346086,2
59,0.8487899999999999,0.368123,0.452402,0.59585,0.456871,0.7255119999999999,0.33567600000000003,2
59,0.8267950000000001,0.37522300000000003,0.40975600000000006,0.701593,0.45750100000000005,0.520207,0.429338,3
59,0.87349,0.422833,0.42518500000000004,0.626977,0.419867,0.684647,0.38405700000000004,4
59,0.864791,0.378335,0.426349,0.663291,0.38958899999999996,0.49094899999999997,0.283775,6
59,0.8883409999999999,0.399991,0.44959099999999996,0.587304,0.48823599999999995,0.688591,0.295158,7
59,0.856303,0.382222,0.45901800000000004,0.623145,0.47070100000000004,0.45600799999999997,0.353963,12
59,0.9635969999999999,0.5241210000000001,0.406413,0.663762,0.5619689999999999,0.7299939999999999,0.302755,14
59,0.899227,0.389726,0.44701199999999996,0.642475,0.495141,0.7424850000000001,0.382808,16
60,0.805561,0.380129,0.415796,0.7166899999999999,0.48048199999999996,0.36001700000000003,0.362195,2
60,0.903885,0.447223,0.39377399999999996,0.785039,0.427658,0.46765200000000007,0.351724,4
60,0.824866,0.390239,0.42631899999999995,0.712088,0.437512,0.9106620000000001,0.298954,5
60,0.782787,0.302346,0.474699,0.548348,0.39464099999999996,0.416206,0.332807,6
60,0.913183,0.52617,0.43988599999999994,0.674834,0.432173,0.445582,0.33781,7
60,0.8943030000000001,0.46848599999999996,0.39818200000000004,0.7641180000000001,0.353031,0.491845,0.443017,8
60,0.856187,0.349841,0.41421099999999994,0.714238,0.40224099999999996,0.49758900000000006,0.383641,10
60,0.8819450000000001,0.440882,0.376994,0.840067,0.39769699999999997,0.718329,0.426037,11
60,0.859034,0.41243599999999997,0.389862,0.824909,0.23491199999999998,0.5236649999999999,0.393243,12
60,0.8828469999999999,0.483361,0.390858,0.779288,0.325142,0.521296,0.389755,17
60,0.9003530000000001,0.48180500000000004,0.44373999999999997,0.687746,0.349184,0.452108,0.403096,19
60,1.032145,0.560664,0.401524,0.781378,0.31906599999999996,0.47579,0.399755,20
61,0.8916780000000001,0.41606499999999996,0.42685,0.703671,0.492525,0.6995600000000001,0.22636900000000001,4
61,0.923861,0.468815,0.46014499999999997,0.563483,0.425886,0.746961,0.43041499999999994,6
61,0.906101,0.433364,0.392217,0.786165,0.41191000000000005,0.731272,0.35518299999999997,7
61,0.9445020000000001,0.5549390000000001,0.467026,0.654015,0.424875,0.5755279999999999,0.348207,10
61,0.947209,0.454725,0.417023,0.706817,0.38254,0.65792,0.383577,15
61,0.9547899999999999,0.46016999999999997,0.44761300000000004,0.610211,0.554899,0.7685390000000001,0.39657,17
61,0.9064479999999999,0.433119,0.46251499999999995,0.612225,0.275217,0.617343,0.440302,18
61,0.9187770000000001,0.409389,0.42018500000000003,0.7413350000000001,0.406298,0.751831,0.37194,19
61,0.8918959999999999,0.440141,0.46419099999999996,0.6458659999999999,0.36832800000000004,0.842225,0.39810300000000004,25
61,0.929989,0.449784,0.47403999999999996,0.57221,0.365913,0.693345,0.35292399999999996,26
61,0.9511290000000001,0.47734399999999994,0.450453,0.633216,0.32535,0.631154,0.33921799999999996,29
61,0.931742,0.489928,0.47256800000000004,0.579029,0.313553,0.647636,0.368214,30
61,0.9266139999999999,0.48666400000000004,0.496334,0.573051,0.338113,0.741934,0.376312,32
62,0.845066,0.347474,0.444009,0.598973,0.5289149999999999,0.5130899999999999,0.300587,3
62,1.009657,0.47925100000000004,0.429329,0.705479,0.394652,0.493304,0.394375,15
62,0.8599110000000001,0.383921,0.477476,0.521138,0.46538100000000004,0.6073069999999999,0.318391,16
62,0.895706,0.39653,0.404754,0.712284,0.35884,0.426399,0.352365,18
62,0.9527530000000001,0.526716,0.41118599999999994,0.778529,0.316331,0.489604,0.442824,30
62,0.95016,0.5023880000000001,0.42827600000000005,0.660848,0.380577,0.38860900000000004,0.4326,35
62,0.974672,0.5203439999999999,0.44806599999999996,0.657373,0.293125,0.36540300000000003,0.340363,38
62,0.954456,0.477411,0.338892,0.8876149999999999,0.338809,0.72322,0.447388,41
62,0.8626950000000001,0.43121000000000004,0.40884000000000004,0.7374029999999999,0.454554,0.385581,0.373256,45
62,0.891652,0.440975,0.462297,0.538063,0.41098199999999996,0.49395100000000003,0.36518,47
62,0.9112100000000001,0.43582200000000004,0.482419,0.48866000000000004,0.433187,0.79556,0.360097,53
62,0.911695,0.414271,0.452115,0.612507,0.371044,0.787505,0.371834,54
63,0.781984,0.32014899999999996,0.459549,0.557592,0.34471999999999997,0.72727,0.24770100000000003,0
63,0.8493040000000001,0.35905,0.430476,0.628402,0.481146,0.632022,0.264646,2
63,0.80699,0.334596,0.38357399999999997,0.75102,0.362099,1.225388,0.34965999999999997,4
63,0.897124,0.38142800000000004,0.448161,0.68714,0.42283999999999994,0.520904,0.347829,8
63,0.902913,0.456345,0.38903000000000004,0.9183610000000001,0.49545100000000003,0.465502,0.280519,9
63,0.8989360000000001,0.39014,0.448006,0.628664,0.33761399999999997,0.620352,0.331782,18
63,0.934307,0.426777,0.44296499999999994,0.596793,0.581603,0.501336,0.304877,20
63,0.919284,0.455272,0.47827,0.569431,0.246375,0.553469,0.441824,22
63,0.9490780000000001,0.46771499999999994,0.412267,0.710811,0.33415900000000004,0.459322,0.364454,25
63,0.878064,0.391002,0.391229,0.815257,0.240279,0.3957,0.36882,33
64,0.750341,0.314861,0.445585,0.600078,0.449984,0.798292,0.250054,1
64,0.794442,0.301732,0.441643,0.677868,0.45791400000000004,0.775325,0.284568,3
64,0.93999,0.477922,0.395404,0.726073,0.51965,0.763041,0.322146,4
64,1.060981,0.493638,0.386081,0.80574,0.44678500000000004,0.469609,0.404712,10
64,0.880309,0.381132,0.415704,0.6991470000000001,0.48923,0.749437,0.418782,15
64,0.995519,0.48953900000000006,0.417775,0.700171,0.423677,0.59433,0.43868599999999996,19
65,0.809307,0.328971,0.42536199999999996,0.714675,0.523375,0.42969799999999997,0.33916399999999997,2
65,0.8456950000000001,0.33676799999999996,0.44490100000000005,0.63674,0.5593130000000001,0.449003,0.385499,2
65,0.842606,0.38808899999999996,0.40484000000000003,0.730615,0.502529,0.7709159999999999,0.366514,3
65,0.8911030000000001,0.45292,0.430917,0.730338,0.43495,0.6755680000000001,0.4242,3
65,0.77867,0.33067399999999997,0.521396,0.502604,0.431341,0.605981,0.363989,4
65,0.903759,0.40725,0.397909,0.756517,0.505106,0.716206,0.420062,6
65,0.8906930000000001,0.42491899999999994,0.436042,0.626305,0.48262,0.523368,0.435663,6
65,0.952145,0.417213,0.42493800000000004,0.718272,0.531768,0.5018560000000001,0.390621,7
65,0.926299,0.426784,0.42942700000000006,0.674854,0.439354,0.692762,0.447378,7
65,0.8404159999999999,0.393226,0.438673,0.668971,0.26557,0.400959,0.44490100000000005,8
65,0.917275,0.39305500000000004,0.426878,0.664623,0.421026,0.313589,0.379872,9
65,0.96067,0.429555,0.372805,0.8500989999999999,0.42551400000000006,0.613308,0.42201700000000003,10
65,0.9550770000000001,0.389511,0.548335,0.429795,0.345425,0.47837399999999997,0.455387,11
65,0.902449,0.372173,0.422893,0.7139310000000001,0.360512,0.212727,0.478096,12
65,0.954677,0.463242,0.43671800000000005,0.663841,0.514061,0.548697,0.459275,13
66,0.789891,0.358985,0.41241400000000006,0.712204,0.49038999999999994,1.148929,0.37874800000000003,0
66,0.827692,0.411196,0.430342,0.687425,0.5480649999999999,0.667447,0.318743,2
66,0.8488209999999999,0.41315100000000005,0.408479,0.664588,0.43218500000000004,0.740162,0.406429,2
66,0.830254,0.312894,0.378196,0.79723,0.542784,0.665323,0.305987,3
66,0.873812,0.426917,0.384137,0.790141,0.438963,0.9318299999999999,0.398459,4
66,0.8407709999999999,0.403605,0.40629299999999996,0.7416699999999999,0.399152,1.218381,0.42547700000000005,6
66,0.906488,0.421513,0.42059399999999997,0.718787,0.48818199999999995,0.528341,0.35947399999999996,6
66,0.8648389999999999,0.401469,0.377902,0.823938,0.43205,0.647898,0.32916999999999996,7
66,0.9546040000000001,0.44510299999999997,0.426262,0.682983,0.509632,0.9147059999999999,0.33424299999999996,8
66,0.919737,0.41956000000000004,0.387784,0.810171,0.425599,0.898859,0.36790900000000004,9
66,0.972666,0.436208,0.46849799999999997,0.560714,0.492767,0.708862,0.409367,10
66,0.958791,0.41751099999999997,0.43095100000000003,0.656245,0.447666,0.892117,0.35276199999999996,11
67,0.8012020000000001,0.38411,0.45556599999999997,0.595388,0.5100640000000001,0.710879,0.341422,4
67,0.875611,0.47976899999999995,0.46678000000000003,0.576396,0.320052,0.60406,0.46648900000000004,14
67,0.863706,0.466225,0.407972,0.755228,0.44278100000000004,0.523772,0.465587,17
67,0.8650899999999999,0.46752,0.385056,0.765559,0.337882,0.478256,0.38157800000000003,21
67,0.96896,0.49895600000000007,0.37354,0.9402809999999999,0.452196,0.526305,0.37677,23
67,0.916852,0.461898,0.399393,0.7597,0.410367,0.865883,0.436072,26
67,0.9379799999999999,0.5296390000000001,0.409808,0.789669,0.41360699999999995,0.907875,0.44952299999999995,28
67,0.9437409999999999,0.485324,0.43199,0.665502,0.33747699999999997,0.721899,0.49444799999999994,30
67,0.950749,0.446025,0.42250299999999996,0.693731,0.360759,0.7813720000000001,0.510735,33
67,0.8769680000000001,0.410203,0.400791,0.7547149999999999,0.356641,0.595861,0.442349,39
68,0.723681,0.315916,0.45123500000000005,0.622292,0.398556,0.744509,0.45849700000000004,0
68,0.795288,0.387565,0.42660200000000004,0.666161,0.415783,0.422865,0.376601,3
68,0.8324440000000001,0.41693199999999997,0.48560200000000003,0.5915590000000001,0.441346,0.38059899999999997,0.349875,4
68,0.848413,0.33675900000000003,0.388908,0.806462,0.39158899999999996,1.077957,0.440143,9
68,0.900034,0.458589,0.44194300000000003,0.640008,0.34278000000000003,0.662809,0.45978800000000003,10
68,0.81692,0.367093,0.439075,0.672176,0.45999399999999996,0.506825,0.43123599999999995,10
68,0.8913209999999999,0.450658,0.428554,0.662881,0.43445600000000006,0.484993,0.43711300000000003,11
68,0.863201,0.40635,0.44142,0.646582,0.409864,0.539299,0.399875,12
68,0.930859,0.517591,0.43936000000000003,0.495558,0.524475,0.760008,0.369084,13
68,0.824566,0.371477,0.44546899999999995,0.63643,0.410562,0.47534399999999993,0.43103500000000006,14
69,0.774949,0.373531,0.417968,0.729642,0.482942,0.771596,0.24004,0
69,0.888181,0.430542,0.42804,0.690867,0.511683,0.474394,0.339886,2
69,0.8277760000000001,0.386981,0.42055699999999996,0.710559,0.501883,0.645129,0.307383,3
69,0.8977639999999999,0.409616,0.392863,0.821528,0.441617,0.709142,0.345404,4
69,0.8951690000000001,0.41438400000000003,0.39616799999999996,0.794795,0.441617,0.709142,0.337826,5
69,0.8423209999999999,0.408091,0.43945500000000004,0.612213,0.402906,0.807474,0.34826799999999997,6
69,0.8673280000000001,0.396922,0.435051,0.666868,0.438003,0.556659,0.391043,7
69,0.8918389999999999,0.46176999999999996,0.452614,0.617397,0.379058,0.696034,0.409681,9
69,0.962191,0.577471,0.44218,0.773173,0.47334899999999996,0.45934200000000003,0.313368,10
69,0.8703989999999999,0.441158,0.395369,0.8058109999999999,0.462082,0.66497,0.378925,11
69,0.986923,0.491762,0.41174499999999997,0.71742,0.48591999999999996,0.845076,0.366123,13
70,0.8222700000000001,0.377628,0.366021,0.9302290000000001,0.5300020000000001,0.6782239999999999,0.280622,0
70,0.8266030000000001,0.42372600000000005,0.34641,1.102992,0.346649,0.890232,0.290419,1
70,0.800908,0.403591,0.42811400000000005,0.716413,0.441068,0.45399300000000004,0.352641,2
70,0.882833,0.418829,0.379153,0.850828,0.363477,0.43898400000000004,0.44156999999999996,3
70,0.9616899999999999,0.5430550000000001,0.370921,0.90915,0.552309,0.7070350000000001,0.352083,5
70,0.963044,0.479846,0.40239400000000003,0.777584,0.5602659999999999,0.518103,0.407074,6
70,0.9611860000000001,0.49034399999999995,0.40260100000000004,0.70506,0.47511899999999996,0.6530560000000001,0.373344,7
70,0.8291709999999999,0.37136199999999997,0.387768,0.771559,0.437104,0.43732200000000004,0.43151000000000006,8
70,0.935198,0.49980600000000003,0.39968899999999996,0.795138,0.389759,0.527385,0.38334,9
70,0.927788,0.454345,0.3847,0.8264100000000001,0.42860600000000004,0.82189,0.402804,12
70,0.873828,0.501628,0.408029,0.76363,0.304841,0.563295,0.440745,14
71,0.718522,0.41725500000000004,0.38263,0.7511439999999999,0.339215,0.6632899999999999,0.213139,0
71,0.857454,0.448297,0.456197,0.607496,0.41491300000000003,1.167629,0.31056100000000003,10
71,0.844872,0.39465100000000003,0.43468199999999996,0.637616,0.47743,0.9718120000000001,0.352445,18
71,0.8388479999999999,0.427237,0.417017,0.685153,0.447295,0.625812,0.373249,22
71,0.8198620000000001,0.418966,0.390194,0.717209,0.36678499999999997,0.542376,0.308679,23
71,0.881891,0.48696300000000003,0.449617,0.5925779999999999,0.409589,0.43376499999999996,0.373349,24
71,0.7749149999999999,0.394242,0.453262,0.5968140000000001,0.335803,0.645949,0.389417,27
71,0.9345030000000001,0.5248550000000001,0.413922,0.7522439999999999,0.383374,0.306911,0.388629,35
71,0.8414879999999999,0.470685,0.408562,0.771048,0.31074,0.422045,0.341993,40
71,0.8293940000000001,0.398965,0.39469499999999996,0.74558,0.347014,0.738305,0.37132800000000005,42
71,0.8324459999999999,0.452545,0.42805,0.628516,0.40167800000000004,0.617479,0.361171,43
71,0.8876870000000001,0.4897,0.45665500000000003,0.604879,0.359514,0.379108,0.402663,44
71,0.8619370000000001,0.42514300000000005,0.41824399999999995,0.685703,0.38759499999999997,1.130658,0.339548,45
72,0.7532449999999999,0.35643,0.38263,0.8481299999999999,0.508761,1.022986,0.285999,2
72,0.779381,0.354892,0.389467,0.784198,0.498852,1.009095,0.348498,7
72,0.8234319999999999,0.40269099999999997,0.459397,0.608908,0.374759,0.8797379999999999,0.38164899999999996,11
72,0.814793,0.351939,0.420707,0.700286,0.420246,0.603521,0.31795300000000004,13
72,0.83788,0.336494,0.402011,0.756768,0.422908,0.657153,0.35936,14
72,0.846474,0.355682,0.407358,0.766055,0.436213,0.757339,0.342697,17
72,0.8407620000000001,0.364653,0.43995500000000004,0.627047,0.499775,0.26763000000000003,0.326004,19
72,0.8806450000000001,0.44204499999999997,0.43072299999999997,0.719391,0.423641,0.7319479999999999,0.43938699999999997,21
72,0.808955,0.345196,0.419846,0.70148,0.463937,0.558882,0.34829699999999997,25
72,0.775296,0.350919,0.460208,0.595148,0.394203,0.811241,0.362161,27
72,0.836383,0.400329,0.464455,0.608996,0.383888,0.44436899999999996,0.32506,29
72,0.9018360000000001,0.420641,0.397642,0.737607,0.372584,0.636667,0.39265300000000003,34
72,0.85815,0.401575,0.522683,0.47702700000000003,0.42544499999999996,0.5843689999999999,0.365626,41
72,0.835775,0.40326999999999996,0.427227,0.672852,0.375769,0.5867020000000001,0.392757,45
73,0.771863,0.32613400000000003,0.387428,0.801248,0.5345409999999999,0.567138,0.25800300000000004,0
73,0.7780100000000001,0.332014,0.40618899999999997,0.714754,0.490658,1.106021,0.32821100000000003,1
73,0.865416,0.416868,0.43098000000000003,0.663633,0.344323,0.547975,0.395124,2
73,0.8815879999999999,0.38342800000000005,0.387019,0.801234,0.50441,0.634827,0.296196,3
73,0.9110799999999999,0.427992,0.404891,0.7216779999999999,0.440518,0.41406499999999996,0.376015,4
73,0.860187,0.365381,0.36703800000000003,0.892106,0.390341,0.24856799999999998,0.326311,5
73,0.891573,0.44122700000000004,0.37816500000000003,0.809517,0.416812,0.6613100000000001,0.360729,6
73,0.8634719999999999,0.434934,0.36722899999999997,0.8421799999999999,0.452122,0.583587,0.411232,7
73,0.906592,0.44285,0.413447,0.694886,0.467875,0.682002,0.453182,8
73,0.8520479999999999,0.408199,0.378372,0.819254,0.44270200000000004,0.531836,0.399489,9
73,0.879451,0.44747299999999995,0.393348,0.779913,0.48031,0.578737,0.442195,11
73,0.8863780000000001,0.43868100000000004,0.42478999999999995,0.6727,0.48721800000000004,0.464254,0.415199,12
73,0.8517319999999999,0.388874,0.428491,0.669511,0.450324,0.42728599999999994,0.355823,13
73,0.9226540000000001,0.43550900000000003,0.405823,0.715201,0.363153,0.471718,0.43416499999999997,14
73,1.022888,0.45437799999999995,0.392171,0.854867,0.312211,0.559746,0.368167,15
73,0.8520989999999999,0.394383,0.447737,0.6300100000000001,0.549737,0.574879,0.335539,16
74,0.784027,0.374338,0.392921,0.780533,0.484843,1.3546280000000002,0.244786,0
74,0.8402379999999999,0.362311,0.40479899999999996,0.731857,0.512879,0.764313,0.289312,1
74,0.870079,0.379737,0.420767,0.679196,0.46699700000000005,0.5626899999999999,0.386998,2
74,0.816327,0.371949,0.394165,0.816272,0.45630200000000004,0.19955599999999998,0.30435300000000004,3
74,0.763423,0.340961,0.408115,0.7475689999999999,0.44983599999999996,0.491587,0.29917699999999997,4
74,0.8374450000000001,0.35590900000000003,0.403723,0.7481939999999999,0.404125,0.673234,0.29922,5
74,0.87628,0.377293,0.399325,0.7290300000000001,0.5233899999999999,0.48385500000000004,0.3436,6
74,0.9209299999999999,0.432943,0.403729,0.732117,0.34865300000000005,0.99593,0.43338999999999994,7
74,0.901442,0.401638,0.390689,0.7978850000000001,0.42276,0.553036,0.329106,8
74,0.8822479999999999,0.388262,0.399906,0.760454,0.42372200000000004,0.489363,0.339475,9
74,0.8645790000000001,0.370348,0.36932600000000004,0.847773,0.42326899999999995,0.708994,0.303935,10
74,0.8678899999999999,0.410235,0.408688,0.710821,0.447312,0.5985520000000001,0.363506,11
74,0.904501,0.38443099999999997,0.375854,0.850808,0.400395,0.7728550000000001,0.31596,12
74,0.865093,0.400843,0.422951,0.6712060000000001,0.332958,0.36233899999999997,0.305665,13
74,0.9568450000000001,0.460841,0.41995200000000005,0.686264,0.39924499999999996,0.562092,0.467575,14
74,0.9761540000000001,0.46098599999999995,0.38819699999999996,0.799623,0.394775,0.421101,0.29085900000000003,15
75,0.79359,0.37193200000000004,0.407031,0.736993,0.461599,0.6640159999999999,0.254965,0
75,0.800779,0.361822,0.44191,0.63013,0.4437,0.770716,0.300976,1
75,0.83954,0.363477,0.40524299999999996,0.741697,0.488806,0.8744569999999999,0.301327,2
75,0.839996,0.413459,0.42124399999999995,0.691615,0.422991,0.774146,0.471394,3
75,0.880655,0.448535,0.44393599999999994,0.6493909999999999,0.326909,0.46050699999999994,0.43968,5
75,0.8593620000000001,0.406954,0.442741,0.6228279999999999,0.46058599999999994,0.7845300000000001,0.372753,6
75,0.8426290000000001,0.375502,0.438245,0.654317,0.43018999999999996,0.732342,0.424408,7
75,0.8230559999999999,0.379375,0.409988,0.689796,0.4395,0.5739350000000001,0.389583,8
75,0.848561,0.402366,0.43175,0.6357119999999999,0.45310200000000006,0.642149,0.39912,10
75,0.900917,0.445007,0.460178,0.605708,0.33979000000000004,0.816175,0.456733,11
76,0.838217,0.448035,0.450155,0.567884,0.41569799999999996,1.19315,0.270011,0
76,0.813369,0.427126,0.455696,0.588655,0.386263,0.981508,0.326135,1
76,0.746365,0.353448,0.43175399999999997,0.637729,0.356012,0.5349149999999999,0.437688,2
76,0.762638,0.336602,0.44358800000000004,0.651453,0.307365,0.395897,0.45843199999999995,3
76,0.874597,0.461136,0.418933,0.694789,0.428598,0.7103470000000001,0.41593,4
76,0.9522950000000001,0.448463,0.41406400000000004,0.6897800000000001,0.437691,0.5285979999999999,0.4154,5
76,0.943204,0.46876,0.438859,0.6849729999999999,0.394556,0.494979,0.439459,6
76,0.972483,0.44207700000000005,0.400785,0.752988,0.414163,0.797085,0.45143999999999995,7
76,1.006801,0.47535600000000006,0.445506,0.6362399999999999,0.41220500000000004,0.434507,0.42309300000000005,8
76,0.953678,0.450425,0.426404,0.701274,0.295185,0.634748,0.493281,9
76,0.974851,0.485174,0.47402,0.592599,0.39006799999999997,0.7995899999999999,0.454909,10
76,1.019412,0.490415,0.402898,0.768215,0.41831499999999994,0.661554,0.492001,11
76,1.024457,0.451388,0.42928900000000003,0.694801,0.446093,0.612244,0.404003,12
76,0.924284,0.465844,0.46003,0.590853,0.431647,0.42564300000000005,0.409021,13
76,1.0334649999999999,0.47794200000000003,0.452963,0.59947,0.456808,0.646077,0.48077700000000007,14
76,0.994115,0.572617,0.44480299999999995,0.57932,0.464923,0.778092,0.372552,15
76,1.004629,0.48112299999999997,0.42503100000000005,0.66223,0.412677,0.534792,0.43176400000000004,16
76,0.973309,0.47935600000000006,0.458955,0.5669930000000001,0.378311,0.5486949999999999,0.49500200000000005,17
77,0.8314790000000001,0.405339,0.44677799999999995,0.647442,0.5340520000000001,0.512025,0.260761,0
77,0.772422,0.370487,0.456721,0.6517930000000001,0.199648,0.5512600000000001,0.44070600000000004,1
77,0.807924,0.37271,0.455546,0.58015,0.267716,0.186865,0.47235200000000005,2
77,0.830132,0.371004,0.41803500000000005,0.734947,0.436517,0.464028,0.349436,3
77,0.766921,0.39428,0.451504,0.598579,0.362114,0.40420700000000004,0.443783,4
77,0.8915690000000001,0.43003800000000003,0.452949,0.609575,0.380614,0.536953,0.420396,6
77,0.9307479999999999,0.47051899999999997,0.406145,0.787493,0.33305500000000005,0.435158,0.5172640000000001,7
77,0.8775729999999999,0.406024,0.42698500000000006,0.6716840000000001,0.381342,0.49257799999999996,0.514207,8
77,0.8865040000000001,0.416333,0.411897,0.699891,0.35067800000000005,0.7634449999999999,0.482671,9
77,0.900209,0.42108199999999996,0.46501099999999995,0.590086,0.38950300000000004,0.726888,0.42162200000000005,10
77,0.91811,0.41613500000000003,0.368035,0.8570469999999999,0.172416,1.053885,0.519195,11
77,0.884093,0.43738699999999997,0.42258599999999996,0.662404,0.315448,0.768147,0.416045,12
77,0.919349,0.4256,0.421026,0.708756,0.351539,0.570584,0.40410799999999997,13
77,0.87933,0.41970799999999997,0.414757,0.7307520000000001,0.293583,0.895769,0.429392,14
77,0.904855,0.450748,0.430233,0.6845600000000001,0.32354299999999997,0.5436949999999999,0.414203,15
77,0.8404229999999999,0.473268,0.41655,0.717891,0.2949,0.29522800000000005,0.523104,16
78,0.816113,0.445876,0.433449,0.576565,0.256772,1.216724,0.353968,0
78,0.8640190000000001,0.39677199999999996,0.46976599999999996,0.561029,0.42921000000000004,0.8584879999999999,0.314286,1
78,0.8588379999999999,0.434708,0.418548,0.672778,0.397405,0.53408,0.413837,2
78,0.818457,0.41827200000000003,0.43378,0.651269,0.31240300000000004,0.414696,0.41773999999999994,3
78,0.907438,0.47932600000000003,0.41098900000000005,0.749134,0.43768500000000005,0.42494499999999996,0.48013199999999995,4
78,0.866776,0.372734,0.379017,0.7926,0.389953,0.394947,0.402661,5
78,1.022053,0.556783,0.422893,0.632625,0.311845,0.63964,0.45880299999999996,6
78,0.970864,0.513675,0.408252,0.719551,0.34013699999999997,0.819225,0.41838800000000004,7
78,0.958506,0.466937,0.419579,0.703612,0.37105,0.638578,0.360048,8
78,0.967298,0.453403,0.402409,0.718306,0.45664899999999997,0.471211,0.320718,9
78,0.975275,0.47011899999999995,0.38876900000000003,0.776172,0.428446,0.750562,0.402318,10
78,0.9233399999999999,0.43898400000000004,0.422124,0.710684,0.393102,0.487562,0.378423,11
78,0.911055,0.443121,0.446817,0.6370180000000001,0.29564,0.44166400000000006,0.387299,12
78,0.9304979999999999,0.467999,0.405839,0.631308,0.479009,0.641943,0.40820500000000004,13
78,0.8866940000000001,0.46321599999999996,0.38368800000000003,0.8390780000000001,0.46269899999999997,0.21902600000000003,0.329394,14
78,0.9581120000000001,0.45009399999999994,0.41858,0.6589229999999999,0.504422,0.43768900000000005,0.403645,15
79,0.923164,0.338096,0.41927299999999995,0.7259180000000001,0.498329,0.317831,0.336789,0
79,0.8800620000000001,0.363057,0.415663,0.7542770000000001,0.517981,0.59737,0.32813000000000003,1
79,0.898575,0.384175,0.390308,0.7357,0.489451,0.969568,0.37254299999999996,2
79,0.9798530000000001,0.39389,0.404624,0.707922,0.331036,0.5231899999999999,0.42945600000000006,3
79,0.8730120000000001,0.349582,0.386751,0.827793,0.506848,0.39370900000000003,0.404659,4
79,0.8642690000000001,0.381533,0.412584,0.756494,0.48046300000000003,0.411225,0.430249,5
79,0.9550209999999999,0.4129,0.42532700000000007,0.705477,0.365744,0.371059,0.433737,6
79,0.97711,0.397092,0.38385199999999997,0.82724,0.37045300000000003,0.75159,0.45033599999999996,7
79,0.9306760000000001,0.420814,0.434712,0.668259,0.282091,0.510764,0.520999,8
79,0.9574379999999999,0.394801,0.41125100000000003,0.74574,0.443863,0.54252,0.400529,9
79,0.89665,0.365215,0.386347,0.7722319999999999,0.431478,0.8599969999999999,0.445006,10
79,0.9376680000000001,0.35179099999999996,0.409568,0.7584069999999999,0.49571499999999996,0.114041,0.36709899999999995,11
79,0.962359,0.420513,0.43726800000000005,0.698915,0.40331500000000003,0.760322,0.429667,12
79,0.974442,0.47764799999999996,0.42637200000000003,0.677044,0.334442,0.63964,0.501342,13
80,0.787443,0.41576499999999994,0.44186800000000004,0.63858,0.316921,0.9038889999999999,0.356116,0
80,0.764985,0.38533,0.41701400000000005,0.679674,0.49795500000000004,0.6298520000000001,0.335541,1
80,0.790517,0.383588,0.437503,0.635864,0.500468,0.8735069999999999,0.34217800000000004,2
80,0.892639,0.421446,0.42226199999999997,0.644151,0.549405,1.8011259999999998,0.333629,3
80,0.8606520000000001,0.423914,0.43395200000000006,0.642605,0.350684,0.576125,0.492839,4
80,0.932349,0.44486899999999996,0.40715999999999997,0.732375,0.44442299999999996,0.501311,0.32760900000000004,5
80,0.857118,0.42779700000000004,0.41999200000000003,0.6659930000000001,0.33118400000000003,0.758429,0.413484,6
80,0.8754850000000001,0.44777100000000003,0.42218999999999995,0.673697,0.419071,0.7646850000000001,0.43639300000000003,7
80,0.907076,0.47638800000000003,0.377052,0.775342,0.24494699999999997,0.687609,0.460221,8
80,0.913183,0.45146899999999995,0.369177,0.862108,0.381918,0.699667,0.495651,9
80,0.914216,0.438342,0.38863000000000003,0.791484,0.390258,0.654196,0.372481,10
80,0.933787,0.44624300000000006,0.40276999999999996,0.731288,0.341291,0.6981729999999999,0.45187299999999997,12
80,0.952348,0.478454,0.432183,0.635302,0.382944,0.626436,0.432225,13
80,0.9417399999999999,0.457654,0.398083,0.762009,0.39852600000000005,0.5304409999999999,0.38916,14
81,0.743575,0.399098,0.396621,0.795884,0.392489,0.5806680000000001,0.401174,0
81,0.845469,0.385916,0.437143,0.650381,0.582579,0.627514,0.288452,1
81,0.883669,0.500419,0.382511,0.8767510000000001,0.43889700000000004,0.580775,0.382386,2
81,0.8899799999999999,0.409549,0.38445100000000004,0.821617,0.433853,0.803377,0.342833,3
81,0.957981,0.47061000000000003,0.370473,0.9590110000000001,0.510408,0.632402,0.365386,4
81,0.873517,0.399801,0.392201,0.756129,0.46795600000000004,0.739919,0.38396399999999997,5
81,0.889561,0.448795,0.39434600000000003,0.760863,0.381027,0.878109,0.331456,6
81,0.9346049999999999,0.420041,0.404017,0.7316590000000001,0.47890600000000005,0.7419859999999999,0.388862,7
81,0.925942,0.399789,0.388772,0.808708,0.477699,0.5860350000000001,0.387444,8
81,0.908841,0.42003599999999996,0.352564,0.956925,0.404244,0.794629,0.43100900000000003,10
81,0.932074,0.45415600000000006,0.40372600000000003,0.7592399999999999,0.400856,0.61847,0.40957,11
81,0.9303680000000001,0.42552799999999996,0.43220299999999995,0.657134,0.374703,0.603701,0.374541,12
82,0.766796,0.31690100000000004,0.45126099999999997,0.5955560000000001,0.339884,0.8427290000000001,0.324346,0
82,0.8238770000000001,0.40064299999999997,0.38918200000000003,0.799787,0.45558999999999994,0.469132,0.30434,3
82,0.9566530000000001,0.436934,0.39020900000000003,0.783629,0.394072,0.55521,0.398375,16
82,0.999093,0.510771,0.387691,0.752627,0.389192,0.440878,0.367898,18
82,0.9613959999999999,0.48634499999999997,0.373479,0.883768,0.357279,0.411729,0.38893099999999997,20
82,0.944901,0.469341,0.42165,0.6575270000000001,0.342256,0.299782,0.37741399999999997,21
82,0.97119,0.456241,0.431464,0.688562,0.362097,0.7764949999999999,0.421004,22
82,0.922055,0.457388,0.366031,0.807954,0.40289,0.800289,0.38697800000000004,23
82,0.948693,0.47365100000000004,0.409538,0.7310369999999999,0.29079699999999997,0.600109,0.46562299999999995,25
82,0.9141950000000001,0.500786,0.416904,0.543606,0.48051800000000006,0.876548,0.394899,27
82,0.915017,0.47816499999999995,0.40437399999999996,0.681841,0.316847,0.735635,0.450559,31
